Analysis & Synthesis report for nml_gpu
Sat May  9 17:18:47 2026
Quartus Prime Version 21.1.0 Build 842 10/21/2021 SJ Lite Edition


---------------------
; Table of Contents ;
---------------------
  1. Legal Notice
  2. Analysis & Synthesis Summary
  3. Analysis & Synthesis Settings
  4. Parallel Compilation
  5. Analysis & Synthesis Source Files Read
  6. Analysis & Synthesis Resource Usage Summary
  7. Analysis & Synthesis Resource Utilization by Entity
  8. Analysis & Synthesis RAM Summary
  9. State Machine - |de1soc_top|nml_gpu:gpu_inst|sprite_fetch:fetch_inst|state
 10. State Machine - |de1soc_top|nml_gpu:gpu_inst|sprite_eval:eval_inst|state
 11. Registers Removed During Synthesis
 12. Removed Registers Triggering Further Register Optimizations
 13. General Register Statistics
 14. Inverted Register Statistics
 15. Registers Packed Into Inferred Megafunctions
 16. Registers Added for RAM Pass-Through Logic
 17. Multiplexer Restructuring Statistics (Restructuring Performed)
 18. Source assignments for nml_gpu:gpu_inst|altsyncram:palette_ram_rtl_0|altsyncram_m9d1:auto_generated
 19. Source assignments for nml_gpu:gpu_inst|altsyncram:tilemap_ram_rtl_0|altsyncram_s4i1:auto_generated
 20. Source assignments for nml_gpu:gpu_inst|altsyncram:sprite_rom_rtl_0|altsyncram_scd1:auto_generated
 21. Source assignments for nml_gpu:gpu_inst|altsyncram:tile_rom_rtl_0|altsyncram_8bd1:auto_generated
 22. Source assignments for nml_gpu:gpu_inst|altsyncram:linebuf_A_rtl_0|altsyncram_emi1:auto_generated
 23. Source assignments for nml_gpu:gpu_inst|altsyncram:linebuf_B_rtl_0|altsyncram_emi1:auto_generated
 24. Parameter Settings for Inferred Entity Instance: nml_gpu:gpu_inst|altsyncram:palette_ram_rtl_0
 25. Parameter Settings for Inferred Entity Instance: nml_gpu:gpu_inst|altsyncram:tilemap_ram_rtl_0
 26. Parameter Settings for Inferred Entity Instance: nml_gpu:gpu_inst|altsyncram:sprite_rom_rtl_0
 27. Parameter Settings for Inferred Entity Instance: nml_gpu:gpu_inst|altsyncram:tile_rom_rtl_0
 28. Parameter Settings for Inferred Entity Instance: nml_gpu:gpu_inst|altsyncram:linebuf_A_rtl_0
 29. Parameter Settings for Inferred Entity Instance: nml_gpu:gpu_inst|altsyncram:linebuf_B_rtl_0
 30. altsyncram Parameter Settings by Entity Instance
 31. Port Connectivity Checks: "nml_gpu:gpu_inst|sprite_eval:eval_inst"
 32. Port Connectivity Checks: "nml_gpu:gpu_inst|avalon_slave_iface:avalon_inst"
 33. Port Connectivity Checks: "nml_gpu:gpu_inst"
 34. Post-Synthesis Netlist Statistics for Top Partition
 35. Elapsed Time Per Partition
 36. Analysis & Synthesis Messages
 37. Analysis & Synthesis Suppressed Messages



----------------
; Legal Notice ;
----------------
Copyright (C) 2021  Intel Corporation. All rights reserved.
Your use of Intel Corporation's design tools, logic functions 
and other software and tools, and any partner logic 
functions, and any output files from any of the foregoing 
(including device programming or simulation files), and any 
associated documentation or information are expressly subject 
to the terms and conditions of the Intel Program License 
Subscription Agreement, the Intel Quartus Prime License Agreement,
the Intel FPGA IP License Agreement, or other applicable license
agreement, including, without limitation, that your use is for
the sole purpose of programming logic devices manufactured by
Intel and sold by Intel or its authorized distributors.  Please
refer to the applicable agreement for further details, at
https://fpgasoftware.intel.com/eula.



+-------------------------------------------------------------------------------+
; Analysis & Synthesis Summary                                                  ;
+---------------------------------+---------------------------------------------+
; Analysis & Synthesis Status     ; Successful - Sat May  9 17:18:47 2026       ;
; Quartus Prime Version           ; 21.1.0 Build 842 10/21/2021 SJ Lite Edition ;
; Revision Name                   ; nml_gpu                                     ;
; Top-level Entity Name           ; de1soc_top                                  ;
; Family                          ; Cyclone V                                   ;
; Logic utilization (in ALMs)     ; N/A                                         ;
; Total registers                 ; 345                                         ;
; Total pins                      ; 54                                          ;
; Total virtual pins              ; 0                                           ;
; Total block memory bits         ; 86,144                                      ;
; Total DSP Blocks                ; 0                                           ;
; Total HSSI RX PCSs              ; 0                                           ;
; Total HSSI PMA RX Deserializers ; 0                                           ;
; Total HSSI TX PCSs              ; 0                                           ;
; Total HSSI PMA TX Serializers   ; 0                                           ;
; Total PLLs                      ; 0                                           ;
; Total DLLs                      ; 0                                           ;
+---------------------------------+---------------------------------------------+


+---------------------------------------------------------------------------------------------------------------------------+
; Analysis & Synthesis Settings                                                                                             ;
+---------------------------------------------------------------------------------+--------------------+--------------------+
; Option                                                                          ; Setting            ; Default Value      ;
+---------------------------------------------------------------------------------+--------------------+--------------------+
; Device                                                                          ; 5CSEMA5F31C6       ;                    ;
; Top-level entity name                                                           ; de1soc_top         ; nml_gpu            ;
; Family name                                                                     ; Cyclone V          ; Cyclone V          ;
; Use smart compilation                                                           ; Off                ; Off                ;
; Enable parallel Assembler and Timing Analyzer during compilation                ; On                 ; On                 ;
; Enable compact report table                                                     ; Off                ; Off                ;
; Restructure Multiplexers                                                        ; Auto               ; Auto               ;
; MLAB Add Timing Constraints For Mixed-Port Feed-Through Mode Setting Don't Care ; Off                ; Off                ;
; Create Debugging Nodes for IP Cores                                             ; Off                ; Off                ;
; Preserve fewer node names                                                       ; On                 ; On                 ;
; Intel FPGA IP Evaluation Mode                                                   ; Enable             ; Enable             ;
; Verilog Version                                                                 ; Verilog_2001       ; Verilog_2001       ;
; VHDL Version                                                                    ; VHDL_1993          ; VHDL_1993          ;
; State Machine Processing                                                        ; Auto               ; Auto               ;
; Safe State Machine                                                              ; Off                ; Off                ;
; Extract Verilog State Machines                                                  ; On                 ; On                 ;
; Extract VHDL State Machines                                                     ; On                 ; On                 ;
; Ignore Verilog initial constructs                                               ; Off                ; Off                ;
; Iteration limit for constant Verilog loops                                      ; 5000               ; 5000               ;
; Iteration limit for non-constant Verilog loops                                  ; 250                ; 250                ;
; Add Pass-Through Logic to Inferred RAMs                                         ; On                 ; On                 ;
; Infer RAMs from Raw Logic                                                       ; On                 ; On                 ;
; Parallel Synthesis                                                              ; On                 ; On                 ;
; DSP Block Balancing                                                             ; Auto               ; Auto               ;
; NOT Gate Push-Back                                                              ; On                 ; On                 ;
; Power-Up Don't Care                                                             ; On                 ; On                 ;
; Remove Redundant Logic Cells                                                    ; Off                ; Off                ;
; Remove Duplicate Registers                                                      ; On                 ; On                 ;
; Ignore CARRY Buffers                                                            ; Off                ; Off                ;
; Ignore CASCADE Buffers                                                          ; Off                ; Off                ;
; Ignore GLOBAL Buffers                                                           ; Off                ; Off                ;
; Ignore ROW GLOBAL Buffers                                                       ; Off                ; Off                ;
; Ignore LCELL Buffers                                                            ; Off                ; Off                ;
; Ignore SOFT Buffers                                                             ; On                 ; On                 ;
; Limit AHDL Integers to 32 Bits                                                  ; Off                ; Off                ;
; Optimization Technique                                                          ; Balanced           ; Balanced           ;
; Carry Chain Length                                                              ; 70                 ; 70                 ;
; Auto Carry Chains                                                               ; On                 ; On                 ;
; Auto Open-Drain Pins                                                            ; On                 ; On                 ;
; Perform WYSIWYG Primitive Resynthesis                                           ; Off                ; Off                ;
; Auto ROM Replacement                                                            ; On                 ; On                 ;
; Auto RAM Replacement                                                            ; On                 ; On                 ;
; Auto DSP Block Replacement                                                      ; On                 ; On                 ;
; Auto Shift Register Replacement                                                 ; Auto               ; Auto               ;
; Allow Shift Register Merging across Hierarchies                                 ; Auto               ; Auto               ;
; Auto Clock Enable Replacement                                                   ; On                 ; On                 ;
; Strict RAM Replacement                                                          ; Off                ; Off                ;
; Allow Synchronous Control Signals                                               ; On                 ; On                 ;
; Force Use of Synchronous Clear Signals                                          ; Off                ; Off                ;
; Auto Resource Sharing                                                           ; Off                ; Off                ;
; Allow Any RAM Size For Recognition                                              ; Off                ; Off                ;
; Allow Any ROM Size For Recognition                                              ; Off                ; Off                ;
; Allow Any Shift Register Size For Recognition                                   ; Off                ; Off                ;
; Use LogicLock Constraints during Resource Balancing                             ; On                 ; On                 ;
; Ignore translate_off and synthesis_off directives                               ; Off                ; Off                ;
; Timing-Driven Synthesis                                                         ; On                 ; On                 ;
; Report Parameter Settings                                                       ; On                 ; On                 ;
; Report Source Assignments                                                       ; On                 ; On                 ;
; Report Connectivity Checks                                                      ; On                 ; On                 ;
; Ignore Maximum Fan-Out Assignments                                              ; Off                ; Off                ;
; Synchronization Register Chain Length                                           ; 3                  ; 3                  ;
; Power Optimization During Synthesis                                             ; Normal compilation ; Normal compilation ;
; HDL message level                                                               ; Level2             ; Level2             ;
; Suppress Register Optimization Related Messages                                 ; Off                ; Off                ;
; Number of Removed Registers Reported in Synthesis Report                        ; 5000               ; 5000               ;
; Number of Swept Nodes Reported in Synthesis Report                              ; 5000               ; 5000               ;
; Number of Inverted Registers Reported in Synthesis Report                       ; 100                ; 100                ;
; Clock MUX Protection                                                            ; On                 ; On                 ;
; Auto Gated Clock Conversion                                                     ; Off                ; Off                ;
; Block Design Naming                                                             ; Auto               ; Auto               ;
; SDC constraint protection                                                       ; Off                ; Off                ;
; Synthesis Effort                                                                ; Auto               ; Auto               ;
; Shift Register Replacement - Allow Asynchronous Clear Signal                    ; On                 ; On                 ;
; Pre-Mapping Resynthesis Optimization                                            ; Off                ; Off                ;
; Analysis & Synthesis Message Level                                              ; Medium             ; Medium             ;
; Disable Register Merging Across Hierarchies                                     ; Auto               ; Auto               ;
; Resource Aware Inference For Block RAM                                          ; On                 ; On                 ;
; Automatic Parallel Synthesis                                                    ; On                 ; On                 ;
; Partial Reconfiguration Bitstream ID                                            ; Off                ; Off                ;
+---------------------------------------------------------------------------------+--------------------+--------------------+


+------------------------------------------+
; Parallel Compilation                     ;
+----------------------------+-------------+
; Processors                 ; Number      ;
+----------------------------+-------------+
; Number detected on machine ; 20          ;
; Maximum allowed            ; 12          ;
;                            ;             ;
; Average used               ; 1.00        ;
; Maximum used               ; 12          ;
;                            ;             ;
; Usage by Processor         ; % Time Used ;
;     Processor 1            ; 100.0%      ;
;     Processor 2            ;   0.0%      ;
;     Processor 3            ;   0.0%      ;
;     Processor 4            ;   0.0%      ;
;     Processor 5            ;   0.0%      ;
;     Processor 6            ;   0.0%      ;
;     Processor 7            ;   0.0%      ;
;     Processor 8            ;   0.0%      ;
;     Processor 9            ;   0.0%      ;
;     Processors 10-12       ;   0.0%      ;
+----------------------------+-------------+


+-------------------------------------------------------------------------------------------------------------------------------------------------------------------------------------------------------------------------------------------------------+
; Analysis & Synthesis Source Files Read                                                                                                                                                                                                                ;
+------------------------------------------+-----------------+-------------------------------------------------------+------------------------------------------------------------------------------------------------------------------------+---------+
; File Name with User-Entered Path         ; Used in Netlist ; File Type                                             ; File Name with Absolute Path                                                                                           ; Library ;
+------------------------------------------+-----------------+-------------------------------------------------------+------------------------------------------------------------------------------------------------------------------------+---------+
; ../de1soc_top.sv                         ; yes             ; User SystemVerilog HDL File                           ; /homes/user/stud/spring26/rb3908/Documents/CSEE4840W-Final-Project/hw/de1soc_top.sv                                    ;         ;
; ../nml_gpu.sv                            ; yes             ; User SystemVerilog HDL File                           ; /homes/user/stud/spring26/rb3908/Documents/CSEE4840W-Final-Project/hw/nml_gpu.sv                                       ;         ;
; ../avalon_slave_iface.sv                 ; yes             ; User SystemVerilog HDL File                           ; /homes/user/stud/spring26/rb3908/Documents/CSEE4840W-Final-Project/hw/avalon_slave_iface.sv                            ;         ;
; ../vga_timing.sv                         ; yes             ; User SystemVerilog HDL File                           ; /homes/user/stud/spring26/rb3908/Documents/CSEE4840W-Final-Project/hw/vga_timing.sv                                    ;         ;
; ../sprite_eval.sv                        ; yes             ; User SystemVerilog HDL File                           ; /homes/user/stud/spring26/rb3908/Documents/CSEE4840W-Final-Project/hw/sprite_eval.sv                                   ;         ;
; ../sprite_fetch.sv                       ; yes             ; User SystemVerilog HDL File                           ; /homes/user/stud/spring26/rb3908/Documents/CSEE4840W-Final-Project/hw/sprite_fetch.sv                                  ;         ;
; ../compositor.sv                         ; yes             ; User SystemVerilog HDL File                           ; /homes/user/stud/spring26/rb3908/Documents/CSEE4840W-Final-Project/hw/compositor.sv                                    ;         ;
; ../pll_25mhz.v                           ; yes             ; User Verilog HDL File                                 ; /homes/user/stud/spring26/rb3908/Documents/CSEE4840W-Final-Project/hw/pll_25mhz.v                                      ;         ;
; sprite_table.hex                         ; yes             ; Auto-Found Hexadecimal (Intel-Format) File            ; /homes/user/stud/spring26/rb3908/Documents/CSEE4840W-Final-Project/hw/sprite_table.hex                                 ;         ;
; sprite_rom.hex                           ; yes             ; Auto-Found Hexadecimal (Intel-Format) File            ; /homes/user/stud/spring26/rb3908/Documents/CSEE4840W-Final-Project/hw/sprite_rom.hex                                   ;         ;
; palette.hex                              ; yes             ; Auto-Found Hexadecimal (Intel-Format) File            ; /homes/user/stud/spring26/rb3908/Documents/CSEE4840W-Final-Project/hw/palette.hex                                      ;         ;
; tile_rom.hex                             ; yes             ; Auto-Found Hexadecimal (Intel-Format) File            ; /homes/user/stud/spring26/rb3908/Documents/CSEE4840W-Final-Project/hw/tile_rom.hex                                     ;         ;
; altsyncram.tdf                           ; yes             ; Megafunction                                          ; /tools/intel/intelFPGA/21.1/quartus/libraries/megafunctions/altsyncram.tdf                                             ;         ;
; stratix_ram_block.inc                    ; yes             ; Megafunction                                          ; /tools/intel/intelFPGA/21.1/quartus/libraries/megafunctions/stratix_ram_block.inc                                      ;         ;
; lpm_mux.inc                              ; yes             ; Megafunction                                          ; /tools/intel/intelFPGA/21.1/quartus/libraries/megafunctions/lpm_mux.inc                                                ;         ;
; lpm_decode.inc                           ; yes             ; Megafunction                                          ; /tools/intel/intelFPGA/21.1/quartus/libraries/megafunctions/lpm_decode.inc                                             ;         ;
; aglobal211.inc                           ; yes             ; Megafunction                                          ; /tools/intel/intelFPGA/21.1/quartus/libraries/megafunctions/aglobal211.inc                                             ;         ;
; a_rdenreg.inc                            ; yes             ; Megafunction                                          ; /tools/intel/intelFPGA/21.1/quartus/libraries/megafunctions/a_rdenreg.inc                                              ;         ;
; altrom.inc                               ; yes             ; Megafunction                                          ; /tools/intel/intelFPGA/21.1/quartus/libraries/megafunctions/altrom.inc                                                 ;         ;
; altram.inc                               ; yes             ; Megafunction                                          ; /tools/intel/intelFPGA/21.1/quartus/libraries/megafunctions/altram.inc                                                 ;         ;
; altdpram.inc                             ; yes             ; Megafunction                                          ; /tools/intel/intelFPGA/21.1/quartus/libraries/megafunctions/altdpram.inc                                               ;         ;
; db/altsyncram_m9d1.tdf                   ; yes             ; Auto-Generated Megafunction                           ; /homes/user/stud/spring26/rb3908/Documents/CSEE4840W-Final-Project/hw/quartus/db/altsyncram_m9d1.tdf                   ;         ;
; db/nml_gpu.ram2_nml_gpu_8bdb52ad.hdl.mif ; yes             ; Auto-Generated Auto-Found Memory Initialization File  ; /homes/user/stud/spring26/rb3908/Documents/CSEE4840W-Final-Project/hw/quartus/db/nml_gpu.ram2_nml_gpu_8bdb52ad.hdl.mif ;         ;
; db/altsyncram_s4i1.tdf                   ; yes             ; Auto-Generated Megafunction                           ; /homes/user/stud/spring26/rb3908/Documents/CSEE4840W-Final-Project/hw/quartus/db/altsyncram_s4i1.tdf                   ;         ;
; db/altsyncram_scd1.tdf                   ; yes             ; Auto-Generated Megafunction                           ; /homes/user/stud/spring26/rb3908/Documents/CSEE4840W-Final-Project/hw/quartus/db/altsyncram_scd1.tdf                   ;         ;
; db/nml_gpu.ram0_nml_gpu_8bdb52ad.hdl.mif ; yes             ; Auto-Generated Auto-Found Memory Initialization File  ; /homes/user/stud/spring26/rb3908/Documents/CSEE4840W-Final-Project/hw/quartus/db/nml_gpu.ram0_nml_gpu_8bdb52ad.hdl.mif ;         ;
; db/decode_u0a.tdf                        ; yes             ; Auto-Generated Megafunction                           ; /homes/user/stud/spring26/rb3908/Documents/CSEE4840W-Final-Project/hw/quartus/db/decode_u0a.tdf                        ;         ;
; db/mux_lfb.tdf                           ; yes             ; Auto-Generated Megafunction                           ; /homes/user/stud/spring26/rb3908/Documents/CSEE4840W-Final-Project/hw/quartus/db/mux_lfb.tdf                           ;         ;
; db/altsyncram_8bd1.tdf                   ; yes             ; Auto-Generated Megafunction                           ; /homes/user/stud/spring26/rb3908/Documents/CSEE4840W-Final-Project/hw/quartus/db/altsyncram_8bd1.tdf                   ;         ;
; db/nml_gpu.ram1_nml_gpu_8bdb52ad.hdl.mif ; yes             ; Auto-Generated Auto-Found Memory Initialization File  ; /homes/user/stud/spring26/rb3908/Documents/CSEE4840W-Final-Project/hw/quartus/db/nml_gpu.ram1_nml_gpu_8bdb52ad.hdl.mif ;         ;
; db/altsyncram_emi1.tdf                   ; yes             ; Auto-Generated Megafunction                           ; /homes/user/stud/spring26/rb3908/Documents/CSEE4840W-Final-Project/hw/quartus/db/altsyncram_emi1.tdf                   ;         ;
+------------------------------------------+-----------------+-------------------------------------------------------+------------------------------------------------------------------------------------------------------------------------+---------+


+-------------------------------------------------------------------------------------------+
; Analysis & Synthesis Resource Usage Summary                                               ;
+---------------------------------------------+---------------------------------------------+
; Resource                                    ; Usage                                       ;
+---------------------------------------------+---------------------------------------------+
; Estimate of Logic utilization (ALMs needed) ; 234                                         ;
;                                             ;                                             ;
; Combinational ALUT usage for logic          ; 277                                         ;
;     -- 7 input functions                    ; 2                                           ;
;     -- 6 input functions                    ; 89                                          ;
;     -- 5 input functions                    ; 43                                          ;
;     -- 4 input functions                    ; 41                                          ;
;     -- <=3 input functions                  ; 102                                         ;
;                                             ;                                             ;
; Dedicated logic registers                   ; 345                                         ;
;                                             ;                                             ;
; I/O pins                                    ; 54                                          ;
; Total MLAB memory bits                      ; 0                                           ;
; Total block memory bits                     ; 86144                                       ;
;                                             ;                                             ;
; Total DSP Blocks                            ; 0                                           ;
;                                             ;                                             ;
; Maximum fan-out node                        ; nml_gpu:gpu_inst|pll_25mhz:pll_inst|clk_div ;
; Maximum fan-out                             ; 402                                         ;
; Total fan-out                               ; 3371                                        ;
; Average fan-out                             ; 4.26                                        ;
+---------------------------------------------+---------------------------------------------+


+--------------------------------------------------------------------------------------------------------------------------------------------------------------------------------------------------------------------------------------------------------------------------------+
; Analysis & Synthesis Resource Utilization by Entity                                                                                                                                                                                                                            ;
+-------------------------------------------+---------------------+---------------------------+-------------------+------------+------+--------------+------------------------------------------------------------------------------------------+-----------------+--------------+
; Compilation Hierarchy Node                ; Combinational ALUTs ; Dedicated Logic Registers ; Block Memory Bits ; DSP Blocks ; Pins ; Virtual Pins ; Full Hierarchy Name                                                                      ; Entity Name     ; Library Name ;
+-------------------------------------------+---------------------+---------------------------+-------------------+------------+------+--------------+------------------------------------------------------------------------------------------+-----------------+--------------+
; |de1soc_top                               ; 277 (1)             ; 345 (0)                   ; 86144             ; 0          ; 54   ; 0            ; |de1soc_top                                                                              ; de1soc_top      ; work         ;
;    |nml_gpu:gpu_inst|                     ; 276 (57)            ; 345 (78)                  ; 86144             ; 0          ; 0    ; 0            ; |de1soc_top|nml_gpu:gpu_inst                                                             ; nml_gpu         ; work         ;
;       |altsyncram:linebuf_A_rtl_0|        ; 0 (0)               ; 0 (0)                     ; 5120              ; 0          ; 0    ; 0            ; |de1soc_top|nml_gpu:gpu_inst|altsyncram:linebuf_A_rtl_0                                  ; altsyncram      ; work         ;
;          |altsyncram_emi1:auto_generated| ; 0 (0)               ; 0 (0)                     ; 5120              ; 0          ; 0    ; 0            ; |de1soc_top|nml_gpu:gpu_inst|altsyncram:linebuf_A_rtl_0|altsyncram_emi1:auto_generated   ; altsyncram_emi1 ; work         ;
;       |altsyncram:linebuf_B_rtl_0|        ; 0 (0)               ; 0 (0)                     ; 5120              ; 0          ; 0    ; 0            ; |de1soc_top|nml_gpu:gpu_inst|altsyncram:linebuf_B_rtl_0                                  ; altsyncram      ; work         ;
;          |altsyncram_emi1:auto_generated| ; 0 (0)               ; 0 (0)                     ; 5120              ; 0          ; 0    ; 0            ; |de1soc_top|nml_gpu:gpu_inst|altsyncram:linebuf_B_rtl_0|altsyncram_emi1:auto_generated   ; altsyncram_emi1 ; work         ;
;       |altsyncram:palette_ram_rtl_0|      ; 0 (0)               ; 0 (0)                     ; 6144              ; 0          ; 0    ; 0            ; |de1soc_top|nml_gpu:gpu_inst|altsyncram:palette_ram_rtl_0                                ; altsyncram      ; work         ;
;          |altsyncram_m9d1:auto_generated| ; 0 (0)               ; 0 (0)                     ; 6144              ; 0          ; 0    ; 0            ; |de1soc_top|nml_gpu:gpu_inst|altsyncram:palette_ram_rtl_0|altsyncram_m9d1:auto_generated ; altsyncram_m9d1 ; work         ;
;       |altsyncram:sprite_rom_rtl_0|       ; 0 (0)               ; 0 (0)                     ; 8192              ; 0          ; 0    ; 0            ; |de1soc_top|nml_gpu:gpu_inst|altsyncram:sprite_rom_rtl_0                                 ; altsyncram      ; work         ;
;          |altsyncram_scd1:auto_generated| ; 0 (0)               ; 0 (0)                     ; 8192              ; 0          ; 0    ; 0            ; |de1soc_top|nml_gpu:gpu_inst|altsyncram:sprite_rom_rtl_0|altsyncram_scd1:auto_generated  ; altsyncram_scd1 ; work         ;
;       |altsyncram:tile_rom_rtl_0|         ; 0 (0)               ; 0 (0)                     ; 32768             ; 0          ; 0    ; 0            ; |de1soc_top|nml_gpu:gpu_inst|altsyncram:tile_rom_rtl_0                                   ; altsyncram      ; work         ;
;          |altsyncram_8bd1:auto_generated| ; 0 (0)               ; 0 (0)                     ; 32768             ; 0          ; 0    ; 0            ; |de1soc_top|nml_gpu:gpu_inst|altsyncram:tile_rom_rtl_0|altsyncram_8bd1:auto_generated    ; altsyncram_8bd1 ; work         ;
;       |altsyncram:tilemap_ram_rtl_0|      ; 0 (0)               ; 0 (0)                     ; 28800             ; 0          ; 0    ; 0            ; |de1soc_top|nml_gpu:gpu_inst|altsyncram:tilemap_ram_rtl_0                                ; altsyncram      ; work         ;
;          |altsyncram_s4i1:auto_generated| ; 0 (0)               ; 0 (0)                     ; 28800             ; 0          ; 0    ; 0            ; |de1soc_top|nml_gpu:gpu_inst|altsyncram:tilemap_ram_rtl_0|altsyncram_s4i1:auto_generated ; altsyncram_s4i1 ; work         ;
;       |compositor:comp_inst|              ; 21 (21)             ; 40 (40)                   ; 0                 ; 0          ; 0    ; 0            ; |de1soc_top|nml_gpu:gpu_inst|compositor:comp_inst                                        ; compositor      ; work         ;
;       |pll_25mhz:pll_inst|                ; 1 (1)               ; 1 (1)                     ; 0                 ; 0          ; 0    ; 0            ; |de1soc_top|nml_gpu:gpu_inst|pll_25mhz:pll_inst                                          ; pll_25mhz       ; work         ;
;       |sprite_eval:eval_inst|             ; 72 (72)             ; 152 (152)                 ; 0                 ; 0          ; 0    ; 0            ; |de1soc_top|nml_gpu:gpu_inst|sprite_eval:eval_inst                                       ; sprite_eval     ; work         ;
;       |sprite_fetch:fetch_inst|           ; 90 (90)             ; 54 (54)                   ; 0                 ; 0          ; 0    ; 0            ; |de1soc_top|nml_gpu:gpu_inst|sprite_fetch:fetch_inst                                     ; sprite_fetch    ; work         ;
;       |vga_timing:timing_inst|            ; 35 (35)             ; 20 (20)                   ; 0                 ; 0          ; 0    ; 0            ; |de1soc_top|nml_gpu:gpu_inst|vga_timing:timing_inst                                      ; vga_timing      ; work         ;
+-------------------------------------------+---------------------+---------------------------+-------------------+------------+------+--------------+------------------------------------------------------------------------------------------+-----------------+--------------+
Note: For table entries with two numbers listed, the numbers in parentheses indicate the number of resources of the given type used by the specific entity alone. The numbers listed outside of parentheses indicate the total resources of the given type used by the specific entity and all of its sub-entities in the hierarchy.


+-----------------------------------------------------------------------------------------------------------------------------------------------------------------------------------------------------------------------------------+
; Analysis & Synthesis RAM Summary                                                                                                                                                                                                  ;
+-----------------------------------------------------------------------------------------+------+------------------+--------------+--------------+--------------+--------------+--------+------------------------------------------+
; Name                                                                                    ; Type ; Mode             ; Port A Depth ; Port A Width ; Port B Depth ; Port B Width ; Size   ; MIF                                      ;
+-----------------------------------------------------------------------------------------+------+------------------+--------------+--------------+--------------+--------------+--------+------------------------------------------+
; nml_gpu:gpu_inst|altsyncram:linebuf_A_rtl_0|altsyncram_emi1:auto_generated|ALTSYNCRAM   ; AUTO ; Simple Dual Port ; 640          ; 8            ; 640          ; 8            ; 5120   ; None                                     ;
; nml_gpu:gpu_inst|altsyncram:linebuf_B_rtl_0|altsyncram_emi1:auto_generated|ALTSYNCRAM   ; AUTO ; Simple Dual Port ; 640          ; 8            ; 640          ; 8            ; 5120   ; None                                     ;
; nml_gpu:gpu_inst|altsyncram:palette_ram_rtl_0|altsyncram_m9d1:auto_generated|ALTSYNCRAM ; AUTO ; ROM              ; 256          ; 24           ; --           ; --           ; 6144   ; db/nml_gpu.ram2_nml_gpu_8bdb52ad.hdl.mif ;
; nml_gpu:gpu_inst|altsyncram:sprite_rom_rtl_0|altsyncram_scd1:auto_generated|ALTSYNCRAM  ; AUTO ; ROM              ; 16384        ; 8            ; --           ; --           ; 131072 ; db/nml_gpu.ram0_nml_gpu_8bdb52ad.hdl.mif ;
; nml_gpu:gpu_inst|altsyncram:tile_rom_rtl_0|altsyncram_8bd1:auto_generated|ALTSYNCRAM    ; AUTO ; ROM              ; 4096         ; 8            ; --           ; --           ; 32768  ; db/nml_gpu.ram1_nml_gpu_8bdb52ad.hdl.mif ;
; nml_gpu:gpu_inst|altsyncram:tilemap_ram_rtl_0|altsyncram_s4i1:auto_generated|ALTSYNCRAM ; AUTO ; Simple Dual Port ; 4800         ; 8            ; 4800         ; 8            ; 38400  ; None                                     ;
+-----------------------------------------------------------------------------------------+------+------------------+--------------+--------------+--------------+--------------+--------+------------------------------------------+


Encoding Type:  One-Hot
+--------------------------------------------------------------------------------------------------------------------------------------+
; State Machine - |de1soc_top|nml_gpu:gpu_inst|sprite_fetch:fetch_inst|state                                                           ;
+----------------------+-------------------+------------------+------------------+----------------------+-----------------+------------+
; Name                 ; state.WRITE_PIXEL ; state.WAIT_PIXEL ; state.READ_PIXEL ; state.PROCESS_SPRITE ; state.CLEAR_BUF ; state.IDLE ;
+----------------------+-------------------+------------------+------------------+----------------------+-----------------+------------+
; state.IDLE           ; 0                 ; 0                ; 0                ; 0                    ; 0               ; 0          ;
; state.CLEAR_BUF      ; 0                 ; 0                ; 0                ; 0                    ; 1               ; 1          ;
; state.PROCESS_SPRITE ; 0                 ; 0                ; 0                ; 1                    ; 0               ; 1          ;
; state.READ_PIXEL     ; 0                 ; 0                ; 1                ; 0                    ; 0               ; 1          ;
; state.WAIT_PIXEL     ; 0                 ; 1                ; 0                ; 0                    ; 0               ; 1          ;
; state.WRITE_PIXEL    ; 1                 ; 0                ; 0                ; 0                    ; 0               ; 1          ;
+----------------------+-------------------+------------------+------------------+----------------------+-----------------+------------+


Encoding Type:  One-Hot
+--------------------------------------------------------------------------+
; State Machine - |de1soc_top|nml_gpu:gpu_inst|sprite_eval:eval_inst|state ;
+-------------+------------+------------+-------------+--------------------+
; Name        ; state.DONE ; state.EVAL ; state.FETCH ; state.IDLE         ;
+-------------+------------+------------+-------------+--------------------+
; state.IDLE  ; 0          ; 0          ; 0           ; 0                  ;
; state.FETCH ; 0          ; 0          ; 1           ; 1                  ;
; state.EVAL  ; 0          ; 1          ; 0           ; 1                  ;
; state.DONE  ; 1          ; 0          ; 0           ; 1                  ;
+-------------+------------+------------+-------------+--------------------+


+-----------------------------------------------------------------------------------------------------------------------------------------------------------------------+
; Registers Removed During Synthesis                                                                                                                                    ;
+----------------------------------------------------------------------------------------------+------------------------------------------------------------------------+
; Register name                                                                                ; Reason for Removal                                                     ;
+----------------------------------------------------------------------------------------------+------------------------------------------------------------------------+
; nml_gpu:gpu_inst|avalon_slave_iface:avalon_inst|ctrl_reg[0]                                  ; Stuck at VCC due to stuck port clock_enable                            ;
; nml_gpu:gpu_inst|sprite_eval:eval_inst|top_sprites[0][42]                                    ; Stuck at GND due to stuck port data_in                                 ;
; nml_gpu:gpu_inst|sprite_eval:eval_inst|top_sprites[0][37]                                    ; Stuck at GND due to stuck port data_in                                 ;
; nml_gpu:gpu_inst|sprite_eval:eval_inst|top_sprites[0][36]                                    ; Stuck at GND due to stuck port data_in                                 ;
; nml_gpu:gpu_inst|sprite_eval:eval_inst|top_sprites[0][35]                                    ; Stuck at GND due to stuck port data_in                                 ;
; nml_gpu:gpu_inst|sprite_eval:eval_inst|top_sprites[0][34]                                    ; Stuck at GND due to stuck port data_in                                 ;
; nml_gpu:gpu_inst|sprite_eval:eval_inst|top_sprites[0][31]                                    ; Stuck at GND due to stuck port data_in                                 ;
; nml_gpu:gpu_inst|sprite_eval:eval_inst|top_sprites[0][30]                                    ; Stuck at GND due to stuck port data_in                                 ;
; nml_gpu:gpu_inst|sprite_eval:eval_inst|top_sprites[0][29]                                    ; Stuck at GND due to stuck port data_in                                 ;
; nml_gpu:gpu_inst|sprite_eval:eval_inst|top_sprites[0][28]                                    ; Stuck at GND due to stuck port data_in                                 ;
; nml_gpu:gpu_inst|sprite_eval:eval_inst|top_sprites[0][27]                                    ; Stuck at GND due to stuck port data_in                                 ;
; nml_gpu:gpu_inst|sprite_eval:eval_inst|top_sprites[0][26]                                    ; Stuck at GND due to stuck port data_in                                 ;
; nml_gpu:gpu_inst|sprite_eval:eval_inst|top_sprites[0][25]                                    ; Stuck at GND due to stuck port data_in                                 ;
; nml_gpu:gpu_inst|sprite_eval:eval_inst|top_sprites[0][17]                                    ; Stuck at GND due to stuck port data_in                                 ;
; nml_gpu:gpu_inst|sprite_eval:eval_inst|top_sprites[0][16]                                    ; Stuck at GND due to stuck port data_in                                 ;
; nml_gpu:gpu_inst|sprite_eval:eval_inst|top_sprites[0][15]                                    ; Stuck at GND due to stuck port data_in                                 ;
; nml_gpu:gpu_inst|sprite_eval:eval_inst|top_sprites[0][14]                                    ; Stuck at GND due to stuck port data_in                                 ;
; nml_gpu:gpu_inst|sprite_eval:eval_inst|top_sprites[0][13]                                    ; Stuck at GND due to stuck port data_in                                 ;
; nml_gpu:gpu_inst|sprite_eval:eval_inst|top_sprites[0][12]                                    ; Stuck at GND due to stuck port data_in                                 ;
; nml_gpu:gpu_inst|sprite_eval:eval_inst|top_sprites[0][11]                                    ; Stuck at GND due to stuck port data_in                                 ;
; nml_gpu:gpu_inst|sprite_eval:eval_inst|top_sprites[0][10]                                    ; Stuck at GND due to stuck port data_in                                 ;
; nml_gpu:gpu_inst|sprite_eval:eval_inst|top_sprites[0][9]                                     ; Stuck at GND due to stuck port data_in                                 ;
; nml_gpu:gpu_inst|sprite_eval:eval_inst|top_sprites[0][2]                                     ; Stuck at GND due to stuck port data_in                                 ;
; nml_gpu:gpu_inst|sprite_eval:eval_inst|top_sprites[0][1]                                     ; Stuck at GND due to stuck port data_in                                 ;
; nml_gpu:gpu_inst|sprite_eval:eval_inst|top_sprites[0][0]                                     ; Stuck at GND due to stuck port data_in                                 ;
; nml_gpu:gpu_inst|sprite_eval:eval_inst|top_prios[0][2]                                       ; Stuck at GND due to stuck port data_in                                 ;
; nml_gpu:gpu_inst|sprite_eval:eval_inst|line_sprites[0][42]                                   ; Stuck at GND due to stuck port data_in                                 ;
; nml_gpu:gpu_inst|sprite_eval:eval_inst|line_sprites[0][37]                                   ; Stuck at GND due to stuck port data_in                                 ;
; nml_gpu:gpu_inst|sprite_eval:eval_inst|line_sprites[0][36]                                   ; Stuck at GND due to stuck port data_in                                 ;
; nml_gpu:gpu_inst|sprite_eval:eval_inst|line_sprites[0][35]                                   ; Stuck at GND due to stuck port data_in                                 ;
; nml_gpu:gpu_inst|sprite_eval:eval_inst|line_sprites[0][34]                                   ; Stuck at GND due to stuck port data_in                                 ;
; nml_gpu:gpu_inst|sprite_eval:eval_inst|line_sprites[0][31]                                   ; Stuck at GND due to stuck port data_in                                 ;
; nml_gpu:gpu_inst|sprite_eval:eval_inst|line_sprites[0][30]                                   ; Stuck at GND due to stuck port data_in                                 ;
; nml_gpu:gpu_inst|sprite_eval:eval_inst|line_sprites[0][29]                                   ; Stuck at GND due to stuck port data_in                                 ;
; nml_gpu:gpu_inst|sprite_eval:eval_inst|line_sprites[0][28]                                   ; Stuck at GND due to stuck port data_in                                 ;
; nml_gpu:gpu_inst|sprite_eval:eval_inst|line_sprites[0][27]                                   ; Stuck at GND due to stuck port data_in                                 ;
; nml_gpu:gpu_inst|sprite_eval:eval_inst|line_sprites[0][26]                                   ; Stuck at GND due to stuck port data_in                                 ;
; nml_gpu:gpu_inst|sprite_eval:eval_inst|line_sprites[0][25]                                   ; Stuck at GND due to stuck port data_in                                 ;
; nml_gpu:gpu_inst|sprite_eval:eval_inst|line_sprites[0][17]                                   ; Stuck at GND due to stuck port data_in                                 ;
; nml_gpu:gpu_inst|sprite_eval:eval_inst|line_sprites[0][16]                                   ; Stuck at GND due to stuck port data_in                                 ;
; nml_gpu:gpu_inst|sprite_eval:eval_inst|line_sprites[0][15]                                   ; Stuck at GND due to stuck port data_in                                 ;
; nml_gpu:gpu_inst|sprite_eval:eval_inst|line_sprites[0][14]                                   ; Stuck at GND due to stuck port data_in                                 ;
; nml_gpu:gpu_inst|sprite_eval:eval_inst|line_sprites[0][13]                                   ; Stuck at GND due to stuck port data_in                                 ;
; nml_gpu:gpu_inst|sprite_eval:eval_inst|line_sprites[0][12]                                   ; Stuck at GND due to stuck port data_in                                 ;
; nml_gpu:gpu_inst|sprite_eval:eval_inst|line_sprites[0][11]                                   ; Stuck at GND due to stuck port data_in                                 ;
; nml_gpu:gpu_inst|sprite_eval:eval_inst|line_sprites[0][10]                                   ; Stuck at GND due to stuck port data_in                                 ;
; nml_gpu:gpu_inst|sprite_eval:eval_inst|line_sprites[0][9]                                    ; Stuck at GND due to stuck port data_in                                 ;
; nml_gpu:gpu_inst|sprite_eval:eval_inst|line_sprites[0][2]                                    ; Stuck at GND due to stuck port data_in                                 ;
; nml_gpu:gpu_inst|sprite_eval:eval_inst|line_sprites[0][1]                                    ; Stuck at GND due to stuck port data_in                                 ;
; nml_gpu:gpu_inst|sprite_eval:eval_inst|line_sprites[0][0]                                    ; Stuck at GND due to stuck port data_in                                 ;
; nml_gpu:gpu_inst|sprite_eval:eval_inst|line_sprites[1][31]                                   ; Lost fanout                                                            ;
; nml_gpu:gpu_inst|sprite_eval:eval_inst|line_sprites[2][31]                                   ; Lost fanout                                                            ;
; nml_gpu:gpu_inst|sprite_eval:eval_inst|line_sprites[3][31]                                   ; Lost fanout                                                            ;
; nml_gpu:gpu_inst|sprite_eval:eval_inst|line_sprites[4][31]                                   ; Lost fanout                                                            ;
; nml_gpu:gpu_inst|sprite_eval:eval_inst|line_sprites[5][31]                                   ; Lost fanout                                                            ;
; nml_gpu:gpu_inst|sprite_eval:eval_inst|line_sprites[6][31]                                   ; Lost fanout                                                            ;
; nml_gpu:gpu_inst|sprite_eval:eval_inst|line_sprites[7][31]                                   ; Lost fanout                                                            ;
; nml_gpu:gpu_inst|sprite_eval:eval_inst|line_sprites[1][30]                                   ; Lost fanout                                                            ;
; nml_gpu:gpu_inst|sprite_eval:eval_inst|line_sprites[2][30]                                   ; Lost fanout                                                            ;
; nml_gpu:gpu_inst|sprite_eval:eval_inst|line_sprites[3][30]                                   ; Lost fanout                                                            ;
; nml_gpu:gpu_inst|sprite_eval:eval_inst|line_sprites[4][30]                                   ; Lost fanout                                                            ;
; nml_gpu:gpu_inst|sprite_eval:eval_inst|line_sprites[5][30]                                   ; Lost fanout                                                            ;
; nml_gpu:gpu_inst|sprite_eval:eval_inst|line_sprites[6][30]                                   ; Lost fanout                                                            ;
; nml_gpu:gpu_inst|sprite_eval:eval_inst|line_sprites[7][30]                                   ; Lost fanout                                                            ;
; nml_gpu:gpu_inst|sprite_eval:eval_inst|line_sprites[1][29]                                   ; Lost fanout                                                            ;
; nml_gpu:gpu_inst|sprite_eval:eval_inst|line_sprites[2][29]                                   ; Lost fanout                                                            ;
; nml_gpu:gpu_inst|sprite_eval:eval_inst|line_sprites[3][29]                                   ; Lost fanout                                                            ;
; nml_gpu:gpu_inst|sprite_eval:eval_inst|line_sprites[4][29]                                   ; Lost fanout                                                            ;
; nml_gpu:gpu_inst|sprite_eval:eval_inst|line_sprites[5][29]                                   ; Lost fanout                                                            ;
; nml_gpu:gpu_inst|sprite_eval:eval_inst|line_sprites[6][29]                                   ; Lost fanout                                                            ;
; nml_gpu:gpu_inst|sprite_eval:eval_inst|line_sprites[7][29]                                   ; Lost fanout                                                            ;
; nml_gpu:gpu_inst|sprite_eval:eval_inst|line_sprites[1][28]                                   ; Lost fanout                                                            ;
; nml_gpu:gpu_inst|sprite_eval:eval_inst|line_sprites[2][28]                                   ; Lost fanout                                                            ;
; nml_gpu:gpu_inst|sprite_eval:eval_inst|line_sprites[3][28]                                   ; Lost fanout                                                            ;
; nml_gpu:gpu_inst|sprite_eval:eval_inst|line_sprites[4][28]                                   ; Lost fanout                                                            ;
; nml_gpu:gpu_inst|sprite_eval:eval_inst|line_sprites[5][28]                                   ; Lost fanout                                                            ;
; nml_gpu:gpu_inst|sprite_eval:eval_inst|line_sprites[6][28]                                   ; Lost fanout                                                            ;
; nml_gpu:gpu_inst|sprite_eval:eval_inst|line_sprites[7][28]                                   ; Lost fanout                                                            ;
; nml_gpu:gpu_inst|sprite_eval:eval_inst|line_sprites[1][27]                                   ; Lost fanout                                                            ;
; nml_gpu:gpu_inst|sprite_eval:eval_inst|line_sprites[2][27]                                   ; Lost fanout                                                            ;
; nml_gpu:gpu_inst|sprite_eval:eval_inst|line_sprites[3][27]                                   ; Lost fanout                                                            ;
; nml_gpu:gpu_inst|sprite_eval:eval_inst|line_sprites[4][27]                                   ; Lost fanout                                                            ;
; nml_gpu:gpu_inst|sprite_eval:eval_inst|line_sprites[5][27]                                   ; Lost fanout                                                            ;
; nml_gpu:gpu_inst|sprite_eval:eval_inst|line_sprites[6][27]                                   ; Lost fanout                                                            ;
; nml_gpu:gpu_inst|sprite_eval:eval_inst|line_sprites[7][27]                                   ; Lost fanout                                                            ;
; nml_gpu:gpu_inst|sprite_eval:eval_inst|line_sprites[1][26]                                   ; Lost fanout                                                            ;
; nml_gpu:gpu_inst|sprite_eval:eval_inst|line_sprites[2][26]                                   ; Lost fanout                                                            ;
; nml_gpu:gpu_inst|sprite_eval:eval_inst|line_sprites[3][26]                                   ; Lost fanout                                                            ;
; nml_gpu:gpu_inst|sprite_eval:eval_inst|line_sprites[4][26]                                   ; Lost fanout                                                            ;
; nml_gpu:gpu_inst|sprite_eval:eval_inst|line_sprites[5][26]                                   ; Lost fanout                                                            ;
; nml_gpu:gpu_inst|sprite_eval:eval_inst|line_sprites[6][26]                                   ; Lost fanout                                                            ;
; nml_gpu:gpu_inst|sprite_eval:eval_inst|line_sprites[7][26]                                   ; Lost fanout                                                            ;
; nml_gpu:gpu_inst|sprite_eval:eval_inst|line_sprites[1][25]                                   ; Lost fanout                                                            ;
; nml_gpu:gpu_inst|sprite_eval:eval_inst|line_sprites[2][25]                                   ; Lost fanout                                                            ;
; nml_gpu:gpu_inst|sprite_eval:eval_inst|line_sprites[3][25]                                   ; Lost fanout                                                            ;
; nml_gpu:gpu_inst|sprite_eval:eval_inst|line_sprites[4][25]                                   ; Lost fanout                                                            ;
; nml_gpu:gpu_inst|sprite_eval:eval_inst|line_sprites[5][25]                                   ; Lost fanout                                                            ;
; nml_gpu:gpu_inst|sprite_eval:eval_inst|line_sprites[6][25]                                   ; Lost fanout                                                            ;
; nml_gpu:gpu_inst|sprite_eval:eval_inst|line_sprites[7][25]                                   ; Lost fanout                                                            ;
; nml_gpu:gpu_inst|sprite_eval:eval_inst|line_sprites[0][24]                                   ; Lost fanout                                                            ;
; nml_gpu:gpu_inst|sprite_eval:eval_inst|line_sprites[1][24]                                   ; Lost fanout                                                            ;
; nml_gpu:gpu_inst|sprite_eval:eval_inst|line_sprites[2][24]                                   ; Lost fanout                                                            ;
; nml_gpu:gpu_inst|sprite_eval:eval_inst|line_sprites[3][24]                                   ; Lost fanout                                                            ;
; nml_gpu:gpu_inst|sprite_eval:eval_inst|line_sprites[4][24]                                   ; Lost fanout                                                            ;
; nml_gpu:gpu_inst|sprite_eval:eval_inst|line_sprites[5][24]                                   ; Lost fanout                                                            ;
; nml_gpu:gpu_inst|sprite_eval:eval_inst|line_sprites[6][24]                                   ; Lost fanout                                                            ;
; nml_gpu:gpu_inst|sprite_eval:eval_inst|line_sprites[7][24]                                   ; Lost fanout                                                            ;
; nml_gpu:gpu_inst|sprite_eval:eval_inst|line_sprites[0][23]                                   ; Lost fanout                                                            ;
; nml_gpu:gpu_inst|sprite_eval:eval_inst|line_sprites[1][23]                                   ; Lost fanout                                                            ;
; nml_gpu:gpu_inst|sprite_eval:eval_inst|line_sprites[2][23]                                   ; Lost fanout                                                            ;
; nml_gpu:gpu_inst|sprite_eval:eval_inst|line_sprites[3][23]                                   ; Lost fanout                                                            ;
; nml_gpu:gpu_inst|sprite_eval:eval_inst|line_sprites[4][23]                                   ; Lost fanout                                                            ;
; nml_gpu:gpu_inst|sprite_eval:eval_inst|line_sprites[5][23]                                   ; Lost fanout                                                            ;
; nml_gpu:gpu_inst|sprite_eval:eval_inst|line_sprites[6][23]                                   ; Lost fanout                                                            ;
; nml_gpu:gpu_inst|sprite_eval:eval_inst|line_sprites[7][23]                                   ; Lost fanout                                                            ;
; nml_gpu:gpu_inst|sprite_eval:eval_inst|line_sprites[0][22]                                   ; Lost fanout                                                            ;
; nml_gpu:gpu_inst|sprite_eval:eval_inst|line_sprites[1][22]                                   ; Lost fanout                                                            ;
; nml_gpu:gpu_inst|sprite_eval:eval_inst|line_sprites[2][22]                                   ; Lost fanout                                                            ;
; nml_gpu:gpu_inst|sprite_eval:eval_inst|line_sprites[3][22]                                   ; Lost fanout                                                            ;
; nml_gpu:gpu_inst|sprite_eval:eval_inst|line_sprites[4][22]                                   ; Lost fanout                                                            ;
; nml_gpu:gpu_inst|sprite_eval:eval_inst|line_sprites[5][22]                                   ; Lost fanout                                                            ;
; nml_gpu:gpu_inst|sprite_eval:eval_inst|line_sprites[6][22]                                   ; Lost fanout                                                            ;
; nml_gpu:gpu_inst|sprite_eval:eval_inst|line_sprites[7][22]                                   ; Lost fanout                                                            ;
; nml_gpu:gpu_inst|sprite_eval:eval_inst|line_sprites[0][21]                                   ; Lost fanout                                                            ;
; nml_gpu:gpu_inst|sprite_eval:eval_inst|line_sprites[1][21]                                   ; Lost fanout                                                            ;
; nml_gpu:gpu_inst|sprite_eval:eval_inst|line_sprites[2][21]                                   ; Lost fanout                                                            ;
; nml_gpu:gpu_inst|sprite_eval:eval_inst|line_sprites[3][21]                                   ; Lost fanout                                                            ;
; nml_gpu:gpu_inst|sprite_eval:eval_inst|line_sprites[4][21]                                   ; Lost fanout                                                            ;
; nml_gpu:gpu_inst|sprite_eval:eval_inst|line_sprites[5][21]                                   ; Lost fanout                                                            ;
; nml_gpu:gpu_inst|sprite_eval:eval_inst|line_sprites[6][21]                                   ; Lost fanout                                                            ;
; nml_gpu:gpu_inst|sprite_eval:eval_inst|line_sprites[7][21]                                   ; Lost fanout                                                            ;
; nml_gpu:gpu_inst|sprite_eval:eval_inst|line_sprites[0][20]                                   ; Lost fanout                                                            ;
; nml_gpu:gpu_inst|sprite_eval:eval_inst|line_sprites[1][20]                                   ; Lost fanout                                                            ;
; nml_gpu:gpu_inst|sprite_eval:eval_inst|line_sprites[2][20]                                   ; Lost fanout                                                            ;
; nml_gpu:gpu_inst|sprite_eval:eval_inst|line_sprites[3][20]                                   ; Lost fanout                                                            ;
; nml_gpu:gpu_inst|sprite_eval:eval_inst|line_sprites[4][20]                                   ; Lost fanout                                                            ;
; nml_gpu:gpu_inst|sprite_eval:eval_inst|line_sprites[5][20]                                   ; Lost fanout                                                            ;
; nml_gpu:gpu_inst|sprite_eval:eval_inst|line_sprites[6][20]                                   ; Lost fanout                                                            ;
; nml_gpu:gpu_inst|sprite_eval:eval_inst|line_sprites[7][20]                                   ; Lost fanout                                                            ;
; nml_gpu:gpu_inst|sprite_eval:eval_inst|top_sprites[0][24]                                    ; Lost fanout                                                            ;
; nml_gpu:gpu_inst|sprite_eval:eval_inst|top_sprites[0][23]                                    ; Lost fanout                                                            ;
; nml_gpu:gpu_inst|sprite_eval:eval_inst|top_sprites[0][22]                                    ; Lost fanout                                                            ;
; nml_gpu:gpu_inst|sprite_eval:eval_inst|top_sprites[0][21]                                    ; Lost fanout                                                            ;
; nml_gpu:gpu_inst|sprite_eval:eval_inst|top_sprites[0][20]                                    ; Lost fanout                                                            ;
; nml_gpu:gpu_inst|sprite_eval:eval_inst|top_sprites[1][31]                                    ; Lost fanout                                                            ;
; nml_gpu:gpu_inst|sprite_eval:eval_inst|top_sprites[1][30]                                    ; Lost fanout                                                            ;
; nml_gpu:gpu_inst|sprite_eval:eval_inst|top_sprites[1][29]                                    ; Lost fanout                                                            ;
; nml_gpu:gpu_inst|sprite_eval:eval_inst|top_sprites[1][28]                                    ; Lost fanout                                                            ;
; nml_gpu:gpu_inst|sprite_eval:eval_inst|top_sprites[1][27]                                    ; Lost fanout                                                            ;
; nml_gpu:gpu_inst|sprite_eval:eval_inst|top_sprites[1][26]                                    ; Lost fanout                                                            ;
; nml_gpu:gpu_inst|sprite_eval:eval_inst|top_sprites[1][25]                                    ; Lost fanout                                                            ;
; nml_gpu:gpu_inst|sprite_eval:eval_inst|top_sprites[1][24]                                    ; Lost fanout                                                            ;
; nml_gpu:gpu_inst|sprite_eval:eval_inst|top_sprites[1][23]                                    ; Lost fanout                                                            ;
; nml_gpu:gpu_inst|sprite_eval:eval_inst|top_sprites[1][22]                                    ; Lost fanout                                                            ;
; nml_gpu:gpu_inst|sprite_eval:eval_inst|top_sprites[1][21]                                    ; Lost fanout                                                            ;
; nml_gpu:gpu_inst|sprite_eval:eval_inst|top_sprites[1][20]                                    ; Lost fanout                                                            ;
; nml_gpu:gpu_inst|sprite_eval:eval_inst|top_sprites[2][31]                                    ; Lost fanout                                                            ;
; nml_gpu:gpu_inst|sprite_eval:eval_inst|top_sprites[2][30]                                    ; Lost fanout                                                            ;
; nml_gpu:gpu_inst|sprite_eval:eval_inst|top_sprites[2][29]                                    ; Lost fanout                                                            ;
; nml_gpu:gpu_inst|sprite_eval:eval_inst|top_sprites[2][28]                                    ; Lost fanout                                                            ;
; nml_gpu:gpu_inst|sprite_eval:eval_inst|top_sprites[2][27]                                    ; Lost fanout                                                            ;
; nml_gpu:gpu_inst|sprite_eval:eval_inst|top_sprites[2][26]                                    ; Lost fanout                                                            ;
; nml_gpu:gpu_inst|sprite_eval:eval_inst|top_sprites[2][25]                                    ; Lost fanout                                                            ;
; nml_gpu:gpu_inst|sprite_eval:eval_inst|top_sprites[2][24]                                    ; Lost fanout                                                            ;
; nml_gpu:gpu_inst|sprite_eval:eval_inst|top_sprites[2][23]                                    ; Lost fanout                                                            ;
; nml_gpu:gpu_inst|sprite_eval:eval_inst|top_sprites[2][22]                                    ; Lost fanout                                                            ;
; nml_gpu:gpu_inst|sprite_eval:eval_inst|top_sprites[2][21]                                    ; Lost fanout                                                            ;
; nml_gpu:gpu_inst|sprite_eval:eval_inst|top_sprites[2][20]                                    ; Lost fanout                                                            ;
; nml_gpu:gpu_inst|sprite_eval:eval_inst|top_sprites[3][31]                                    ; Lost fanout                                                            ;
; nml_gpu:gpu_inst|sprite_eval:eval_inst|top_sprites[3][30]                                    ; Lost fanout                                                            ;
; nml_gpu:gpu_inst|sprite_eval:eval_inst|top_sprites[3][29]                                    ; Lost fanout                                                            ;
; nml_gpu:gpu_inst|sprite_eval:eval_inst|top_sprites[3][28]                                    ; Lost fanout                                                            ;
; nml_gpu:gpu_inst|sprite_eval:eval_inst|top_sprites[3][27]                                    ; Lost fanout                                                            ;
; nml_gpu:gpu_inst|sprite_eval:eval_inst|top_sprites[3][26]                                    ; Lost fanout                                                            ;
; nml_gpu:gpu_inst|sprite_eval:eval_inst|top_sprites[3][25]                                    ; Lost fanout                                                            ;
; nml_gpu:gpu_inst|sprite_eval:eval_inst|top_sprites[3][24]                                    ; Lost fanout                                                            ;
; nml_gpu:gpu_inst|sprite_eval:eval_inst|top_sprites[3][23]                                    ; Lost fanout                                                            ;
; nml_gpu:gpu_inst|sprite_eval:eval_inst|top_sprites[3][22]                                    ; Lost fanout                                                            ;
; nml_gpu:gpu_inst|sprite_eval:eval_inst|top_sprites[3][21]                                    ; Lost fanout                                                            ;
; nml_gpu:gpu_inst|sprite_eval:eval_inst|top_sprites[3][20]                                    ; Lost fanout                                                            ;
; nml_gpu:gpu_inst|sprite_eval:eval_inst|top_sprites[4][31]                                    ; Lost fanout                                                            ;
; nml_gpu:gpu_inst|sprite_eval:eval_inst|top_sprites[4][30]                                    ; Lost fanout                                                            ;
; nml_gpu:gpu_inst|sprite_eval:eval_inst|top_sprites[4][29]                                    ; Lost fanout                                                            ;
; nml_gpu:gpu_inst|sprite_eval:eval_inst|top_sprites[4][28]                                    ; Lost fanout                                                            ;
; nml_gpu:gpu_inst|sprite_eval:eval_inst|top_sprites[4][27]                                    ; Lost fanout                                                            ;
; nml_gpu:gpu_inst|sprite_eval:eval_inst|top_sprites[4][26]                                    ; Lost fanout                                                            ;
; nml_gpu:gpu_inst|sprite_eval:eval_inst|top_sprites[4][25]                                    ; Lost fanout                                                            ;
; nml_gpu:gpu_inst|sprite_eval:eval_inst|top_sprites[4][24]                                    ; Lost fanout                                                            ;
; nml_gpu:gpu_inst|sprite_eval:eval_inst|top_sprites[4][23]                                    ; Lost fanout                                                            ;
; nml_gpu:gpu_inst|sprite_eval:eval_inst|top_sprites[4][22]                                    ; Lost fanout                                                            ;
; nml_gpu:gpu_inst|sprite_eval:eval_inst|top_sprites[4][21]                                    ; Lost fanout                                                            ;
; nml_gpu:gpu_inst|sprite_eval:eval_inst|top_sprites[4][20]                                    ; Lost fanout                                                            ;
; nml_gpu:gpu_inst|sprite_eval:eval_inst|top_sprites[5][31]                                    ; Lost fanout                                                            ;
; nml_gpu:gpu_inst|sprite_eval:eval_inst|top_sprites[5][30]                                    ; Lost fanout                                                            ;
; nml_gpu:gpu_inst|sprite_eval:eval_inst|top_sprites[5][29]                                    ; Lost fanout                                                            ;
; nml_gpu:gpu_inst|sprite_eval:eval_inst|top_sprites[5][28]                                    ; Lost fanout                                                            ;
; nml_gpu:gpu_inst|sprite_eval:eval_inst|top_sprites[5][27]                                    ; Lost fanout                                                            ;
; nml_gpu:gpu_inst|sprite_eval:eval_inst|top_sprites[5][26]                                    ; Lost fanout                                                            ;
; nml_gpu:gpu_inst|sprite_eval:eval_inst|top_sprites[5][25]                                    ; Lost fanout                                                            ;
; nml_gpu:gpu_inst|sprite_eval:eval_inst|top_sprites[5][24]                                    ; Lost fanout                                                            ;
; nml_gpu:gpu_inst|sprite_eval:eval_inst|top_sprites[5][23]                                    ; Lost fanout                                                            ;
; nml_gpu:gpu_inst|sprite_eval:eval_inst|top_sprites[5][22]                                    ; Lost fanout                                                            ;
; nml_gpu:gpu_inst|sprite_eval:eval_inst|top_sprites[5][21]                                    ; Lost fanout                                                            ;
; nml_gpu:gpu_inst|sprite_eval:eval_inst|top_sprites[5][20]                                    ; Lost fanout                                                            ;
; nml_gpu:gpu_inst|sprite_eval:eval_inst|top_sprites[6][31]                                    ; Lost fanout                                                            ;
; nml_gpu:gpu_inst|sprite_eval:eval_inst|top_sprites[6][30]                                    ; Lost fanout                                                            ;
; nml_gpu:gpu_inst|sprite_eval:eval_inst|top_sprites[6][29]                                    ; Lost fanout                                                            ;
; nml_gpu:gpu_inst|sprite_eval:eval_inst|top_sprites[6][28]                                    ; Lost fanout                                                            ;
; nml_gpu:gpu_inst|sprite_eval:eval_inst|top_sprites[6][27]                                    ; Lost fanout                                                            ;
; nml_gpu:gpu_inst|sprite_eval:eval_inst|top_sprites[6][26]                                    ; Lost fanout                                                            ;
; nml_gpu:gpu_inst|sprite_eval:eval_inst|top_sprites[6][25]                                    ; Lost fanout                                                            ;
; nml_gpu:gpu_inst|sprite_eval:eval_inst|top_sprites[6][24]                                    ; Lost fanout                                                            ;
; nml_gpu:gpu_inst|sprite_eval:eval_inst|top_sprites[6][23]                                    ; Lost fanout                                                            ;
; nml_gpu:gpu_inst|sprite_eval:eval_inst|top_sprites[6][22]                                    ; Lost fanout                                                            ;
; nml_gpu:gpu_inst|sprite_eval:eval_inst|top_sprites[6][21]                                    ; Lost fanout                                                            ;
; nml_gpu:gpu_inst|sprite_eval:eval_inst|top_sprites[6][20]                                    ; Lost fanout                                                            ;
; nml_gpu:gpu_inst|sprite_eval:eval_inst|top_sprites[7][31]                                    ; Lost fanout                                                            ;
; nml_gpu:gpu_inst|sprite_eval:eval_inst|top_sprites[7][30]                                    ; Lost fanout                                                            ;
; nml_gpu:gpu_inst|sprite_eval:eval_inst|top_sprites[7][29]                                    ; Lost fanout                                                            ;
; nml_gpu:gpu_inst|sprite_eval:eval_inst|top_sprites[7][28]                                    ; Lost fanout                                                            ;
; nml_gpu:gpu_inst|sprite_eval:eval_inst|top_sprites[7][27]                                    ; Lost fanout                                                            ;
; nml_gpu:gpu_inst|sprite_eval:eval_inst|top_sprites[7][26]                                    ; Lost fanout                                                            ;
; nml_gpu:gpu_inst|sprite_eval:eval_inst|top_sprites[7][25]                                    ; Lost fanout                                                            ;
; nml_gpu:gpu_inst|sprite_eval:eval_inst|top_sprites[7][24]                                    ; Lost fanout                                                            ;
; nml_gpu:gpu_inst|sprite_eval:eval_inst|top_sprites[7][23]                                    ; Lost fanout                                                            ;
; nml_gpu:gpu_inst|sprite_eval:eval_inst|top_sprites[7][22]                                    ; Lost fanout                                                            ;
; nml_gpu:gpu_inst|sprite_eval:eval_inst|top_sprites[7][21]                                    ; Lost fanout                                                            ;
; nml_gpu:gpu_inst|sprite_eval:eval_inst|top_sprites[7][20]                                    ; Lost fanout                                                            ;
; nml_gpu:gpu_inst|sprite_eval:eval_inst|top_sprites[0][18]                                    ; Merged with nml_gpu:gpu_inst|sprite_eval:eval_inst|top_prios[0][1]     ;
; nml_gpu:gpu_inst|sprite_eval:eval_inst|top_sprites[1][0]                                     ; Merged with nml_gpu:gpu_inst|sprite_eval:eval_inst|top_prios[1][2]     ;
; nml_gpu:gpu_inst|sprite_eval:eval_inst|top_sprites[1][10]                                    ; Merged with nml_gpu:gpu_inst|sprite_eval:eval_inst|top_prios[1][2]     ;
; nml_gpu:gpu_inst|sprite_eval:eval_inst|top_sprites[1][11]                                    ; Merged with nml_gpu:gpu_inst|sprite_eval:eval_inst|top_prios[1][2]     ;
; nml_gpu:gpu_inst|sprite_eval:eval_inst|top_sprites[1][12]                                    ; Merged with nml_gpu:gpu_inst|sprite_eval:eval_inst|top_prios[1][2]     ;
; nml_gpu:gpu_inst|sprite_eval:eval_inst|top_sprites[1][13]                                    ; Merged with nml_gpu:gpu_inst|sprite_eval:eval_inst|top_prios[1][2]     ;
; nml_gpu:gpu_inst|sprite_eval:eval_inst|top_sprites[1][14]                                    ; Merged with nml_gpu:gpu_inst|sprite_eval:eval_inst|top_prios[1][2]     ;
; nml_gpu:gpu_inst|sprite_eval:eval_inst|top_sprites[1][15]                                    ; Merged with nml_gpu:gpu_inst|sprite_eval:eval_inst|top_prios[1][2]     ;
; nml_gpu:gpu_inst|sprite_eval:eval_inst|top_sprites[1][16]                                    ; Merged with nml_gpu:gpu_inst|sprite_eval:eval_inst|top_prios[1][2]     ;
; nml_gpu:gpu_inst|sprite_eval:eval_inst|top_sprites[1][17]                                    ; Merged with nml_gpu:gpu_inst|sprite_eval:eval_inst|top_prios[1][2]     ;
; nml_gpu:gpu_inst|sprite_eval:eval_inst|top_sprites[1][1]                                     ; Merged with nml_gpu:gpu_inst|sprite_eval:eval_inst|top_prios[1][2]     ;
; nml_gpu:gpu_inst|sprite_eval:eval_inst|top_sprites[1][2]                                     ; Merged with nml_gpu:gpu_inst|sprite_eval:eval_inst|top_prios[1][2]     ;
; nml_gpu:gpu_inst|sprite_eval:eval_inst|top_sprites[1][34]                                    ; Merged with nml_gpu:gpu_inst|sprite_eval:eval_inst|top_prios[1][2]     ;
; nml_gpu:gpu_inst|sprite_eval:eval_inst|top_sprites[1][35]                                    ; Merged with nml_gpu:gpu_inst|sprite_eval:eval_inst|top_prios[1][2]     ;
; nml_gpu:gpu_inst|sprite_eval:eval_inst|top_sprites[1][36]                                    ; Merged with nml_gpu:gpu_inst|sprite_eval:eval_inst|top_prios[1][2]     ;
; nml_gpu:gpu_inst|sprite_eval:eval_inst|top_sprites[1][37]                                    ; Merged with nml_gpu:gpu_inst|sprite_eval:eval_inst|top_prios[1][2]     ;
; nml_gpu:gpu_inst|sprite_eval:eval_inst|top_sprites[1][42]                                    ; Merged with nml_gpu:gpu_inst|sprite_eval:eval_inst|top_prios[1][2]     ;
; nml_gpu:gpu_inst|sprite_eval:eval_inst|top_sprites[1][9]                                     ; Merged with nml_gpu:gpu_inst|sprite_eval:eval_inst|top_prios[1][2]     ;
; nml_gpu:gpu_inst|sprite_eval:eval_inst|top_sprites[1][18]                                    ; Merged with nml_gpu:gpu_inst|sprite_eval:eval_inst|top_prios[1][1]     ;
; nml_gpu:gpu_inst|sprite_eval:eval_inst|top_sprites[2][0]                                     ; Merged with nml_gpu:gpu_inst|sprite_eval:eval_inst|top_prios[2][2]     ;
; nml_gpu:gpu_inst|sprite_eval:eval_inst|top_sprites[2][10]                                    ; Merged with nml_gpu:gpu_inst|sprite_eval:eval_inst|top_prios[2][2]     ;
; nml_gpu:gpu_inst|sprite_eval:eval_inst|top_sprites[2][11]                                    ; Merged with nml_gpu:gpu_inst|sprite_eval:eval_inst|top_prios[2][2]     ;
; nml_gpu:gpu_inst|sprite_eval:eval_inst|top_sprites[2][12]                                    ; Merged with nml_gpu:gpu_inst|sprite_eval:eval_inst|top_prios[2][2]     ;
; nml_gpu:gpu_inst|sprite_eval:eval_inst|top_sprites[2][13]                                    ; Merged with nml_gpu:gpu_inst|sprite_eval:eval_inst|top_prios[2][2]     ;
; nml_gpu:gpu_inst|sprite_eval:eval_inst|top_sprites[2][14]                                    ; Merged with nml_gpu:gpu_inst|sprite_eval:eval_inst|top_prios[2][2]     ;
; nml_gpu:gpu_inst|sprite_eval:eval_inst|top_sprites[2][15]                                    ; Merged with nml_gpu:gpu_inst|sprite_eval:eval_inst|top_prios[2][2]     ;
; nml_gpu:gpu_inst|sprite_eval:eval_inst|top_sprites[2][16]                                    ; Merged with nml_gpu:gpu_inst|sprite_eval:eval_inst|top_prios[2][2]     ;
; nml_gpu:gpu_inst|sprite_eval:eval_inst|top_sprites[2][17]                                    ; Merged with nml_gpu:gpu_inst|sprite_eval:eval_inst|top_prios[2][2]     ;
; nml_gpu:gpu_inst|sprite_eval:eval_inst|top_sprites[2][1]                                     ; Merged with nml_gpu:gpu_inst|sprite_eval:eval_inst|top_prios[2][2]     ;
; nml_gpu:gpu_inst|sprite_eval:eval_inst|top_sprites[2][2]                                     ; Merged with nml_gpu:gpu_inst|sprite_eval:eval_inst|top_prios[2][2]     ;
; nml_gpu:gpu_inst|sprite_eval:eval_inst|top_sprites[2][34]                                    ; Merged with nml_gpu:gpu_inst|sprite_eval:eval_inst|top_prios[2][2]     ;
; nml_gpu:gpu_inst|sprite_eval:eval_inst|top_sprites[2][35]                                    ; Merged with nml_gpu:gpu_inst|sprite_eval:eval_inst|top_prios[2][2]     ;
; nml_gpu:gpu_inst|sprite_eval:eval_inst|top_sprites[2][36]                                    ; Merged with nml_gpu:gpu_inst|sprite_eval:eval_inst|top_prios[2][2]     ;
; nml_gpu:gpu_inst|sprite_eval:eval_inst|top_sprites[2][37]                                    ; Merged with nml_gpu:gpu_inst|sprite_eval:eval_inst|top_prios[2][2]     ;
; nml_gpu:gpu_inst|sprite_eval:eval_inst|top_sprites[2][42]                                    ; Merged with nml_gpu:gpu_inst|sprite_eval:eval_inst|top_prios[2][2]     ;
; nml_gpu:gpu_inst|sprite_eval:eval_inst|top_sprites[2][9]                                     ; Merged with nml_gpu:gpu_inst|sprite_eval:eval_inst|top_prios[2][2]     ;
; nml_gpu:gpu_inst|sprite_eval:eval_inst|top_sprites[2][18]                                    ; Merged with nml_gpu:gpu_inst|sprite_eval:eval_inst|top_prios[2][1]     ;
; nml_gpu:gpu_inst|sprite_eval:eval_inst|top_sprites[3][0]                                     ; Merged with nml_gpu:gpu_inst|sprite_eval:eval_inst|top_prios[3][2]     ;
; nml_gpu:gpu_inst|sprite_eval:eval_inst|top_sprites[3][10]                                    ; Merged with nml_gpu:gpu_inst|sprite_eval:eval_inst|top_prios[3][2]     ;
; nml_gpu:gpu_inst|sprite_eval:eval_inst|top_sprites[3][11]                                    ; Merged with nml_gpu:gpu_inst|sprite_eval:eval_inst|top_prios[3][2]     ;
; nml_gpu:gpu_inst|sprite_eval:eval_inst|top_sprites[3][12]                                    ; Merged with nml_gpu:gpu_inst|sprite_eval:eval_inst|top_prios[3][2]     ;
; nml_gpu:gpu_inst|sprite_eval:eval_inst|top_sprites[3][13]                                    ; Merged with nml_gpu:gpu_inst|sprite_eval:eval_inst|top_prios[3][2]     ;
; nml_gpu:gpu_inst|sprite_eval:eval_inst|top_sprites[3][14]                                    ; Merged with nml_gpu:gpu_inst|sprite_eval:eval_inst|top_prios[3][2]     ;
; nml_gpu:gpu_inst|sprite_eval:eval_inst|top_sprites[3][15]                                    ; Merged with nml_gpu:gpu_inst|sprite_eval:eval_inst|top_prios[3][2]     ;
; nml_gpu:gpu_inst|sprite_eval:eval_inst|top_sprites[3][16]                                    ; Merged with nml_gpu:gpu_inst|sprite_eval:eval_inst|top_prios[3][2]     ;
; nml_gpu:gpu_inst|sprite_eval:eval_inst|top_sprites[3][17]                                    ; Merged with nml_gpu:gpu_inst|sprite_eval:eval_inst|top_prios[3][2]     ;
; nml_gpu:gpu_inst|sprite_eval:eval_inst|top_sprites[3][1]                                     ; Merged with nml_gpu:gpu_inst|sprite_eval:eval_inst|top_prios[3][2]     ;
; nml_gpu:gpu_inst|sprite_eval:eval_inst|top_sprites[3][2]                                     ; Merged with nml_gpu:gpu_inst|sprite_eval:eval_inst|top_prios[3][2]     ;
; nml_gpu:gpu_inst|sprite_eval:eval_inst|top_sprites[3][34]                                    ; Merged with nml_gpu:gpu_inst|sprite_eval:eval_inst|top_prios[3][2]     ;
; nml_gpu:gpu_inst|sprite_eval:eval_inst|top_sprites[3][35]                                    ; Merged with nml_gpu:gpu_inst|sprite_eval:eval_inst|top_prios[3][2]     ;
; nml_gpu:gpu_inst|sprite_eval:eval_inst|top_sprites[3][36]                                    ; Merged with nml_gpu:gpu_inst|sprite_eval:eval_inst|top_prios[3][2]     ;
; nml_gpu:gpu_inst|sprite_eval:eval_inst|top_sprites[3][37]                                    ; Merged with nml_gpu:gpu_inst|sprite_eval:eval_inst|top_prios[3][2]     ;
; nml_gpu:gpu_inst|sprite_eval:eval_inst|top_sprites[3][42]                                    ; Merged with nml_gpu:gpu_inst|sprite_eval:eval_inst|top_prios[3][2]     ;
; nml_gpu:gpu_inst|sprite_eval:eval_inst|top_sprites[3][9]                                     ; Merged with nml_gpu:gpu_inst|sprite_eval:eval_inst|top_prios[3][2]     ;
; nml_gpu:gpu_inst|sprite_eval:eval_inst|top_sprites[3][18]                                    ; Merged with nml_gpu:gpu_inst|sprite_eval:eval_inst|top_prios[3][1]     ;
; nml_gpu:gpu_inst|sprite_eval:eval_inst|top_sprites[4][0]                                     ; Merged with nml_gpu:gpu_inst|sprite_eval:eval_inst|top_prios[4][2]     ;
; nml_gpu:gpu_inst|sprite_eval:eval_inst|top_sprites[4][10]                                    ; Merged with nml_gpu:gpu_inst|sprite_eval:eval_inst|top_prios[4][2]     ;
; nml_gpu:gpu_inst|sprite_eval:eval_inst|top_sprites[4][11]                                    ; Merged with nml_gpu:gpu_inst|sprite_eval:eval_inst|top_prios[4][2]     ;
; nml_gpu:gpu_inst|sprite_eval:eval_inst|top_sprites[4][12]                                    ; Merged with nml_gpu:gpu_inst|sprite_eval:eval_inst|top_prios[4][2]     ;
; nml_gpu:gpu_inst|sprite_eval:eval_inst|top_sprites[4][13]                                    ; Merged with nml_gpu:gpu_inst|sprite_eval:eval_inst|top_prios[4][2]     ;
; nml_gpu:gpu_inst|sprite_eval:eval_inst|top_sprites[4][14]                                    ; Merged with nml_gpu:gpu_inst|sprite_eval:eval_inst|top_prios[4][2]     ;
; nml_gpu:gpu_inst|sprite_eval:eval_inst|top_sprites[4][15]                                    ; Merged with nml_gpu:gpu_inst|sprite_eval:eval_inst|top_prios[4][2]     ;
; nml_gpu:gpu_inst|sprite_eval:eval_inst|top_sprites[4][16]                                    ; Merged with nml_gpu:gpu_inst|sprite_eval:eval_inst|top_prios[4][2]     ;
; nml_gpu:gpu_inst|sprite_eval:eval_inst|top_sprites[4][17]                                    ; Merged with nml_gpu:gpu_inst|sprite_eval:eval_inst|top_prios[4][2]     ;
; nml_gpu:gpu_inst|sprite_eval:eval_inst|top_sprites[4][1]                                     ; Merged with nml_gpu:gpu_inst|sprite_eval:eval_inst|top_prios[4][2]     ;
; nml_gpu:gpu_inst|sprite_eval:eval_inst|top_sprites[4][2]                                     ; Merged with nml_gpu:gpu_inst|sprite_eval:eval_inst|top_prios[4][2]     ;
; nml_gpu:gpu_inst|sprite_eval:eval_inst|top_sprites[4][34]                                    ; Merged with nml_gpu:gpu_inst|sprite_eval:eval_inst|top_prios[4][2]     ;
; nml_gpu:gpu_inst|sprite_eval:eval_inst|top_sprites[4][35]                                    ; Merged with nml_gpu:gpu_inst|sprite_eval:eval_inst|top_prios[4][2]     ;
; nml_gpu:gpu_inst|sprite_eval:eval_inst|top_sprites[4][36]                                    ; Merged with nml_gpu:gpu_inst|sprite_eval:eval_inst|top_prios[4][2]     ;
; nml_gpu:gpu_inst|sprite_eval:eval_inst|top_sprites[4][37]                                    ; Merged with nml_gpu:gpu_inst|sprite_eval:eval_inst|top_prios[4][2]     ;
; nml_gpu:gpu_inst|sprite_eval:eval_inst|top_sprites[4][42]                                    ; Merged with nml_gpu:gpu_inst|sprite_eval:eval_inst|top_prios[4][2]     ;
; nml_gpu:gpu_inst|sprite_eval:eval_inst|top_sprites[4][9]                                     ; Merged with nml_gpu:gpu_inst|sprite_eval:eval_inst|top_prios[4][2]     ;
; nml_gpu:gpu_inst|sprite_eval:eval_inst|top_sprites[4][18]                                    ; Merged with nml_gpu:gpu_inst|sprite_eval:eval_inst|top_prios[4][1]     ;
; nml_gpu:gpu_inst|sprite_eval:eval_inst|top_sprites[5][0]                                     ; Merged with nml_gpu:gpu_inst|sprite_eval:eval_inst|top_prios[5][2]     ;
; nml_gpu:gpu_inst|sprite_eval:eval_inst|top_sprites[5][10]                                    ; Merged with nml_gpu:gpu_inst|sprite_eval:eval_inst|top_prios[5][2]     ;
; nml_gpu:gpu_inst|sprite_eval:eval_inst|top_sprites[5][11]                                    ; Merged with nml_gpu:gpu_inst|sprite_eval:eval_inst|top_prios[5][2]     ;
; nml_gpu:gpu_inst|sprite_eval:eval_inst|top_sprites[5][12]                                    ; Merged with nml_gpu:gpu_inst|sprite_eval:eval_inst|top_prios[5][2]     ;
; nml_gpu:gpu_inst|sprite_eval:eval_inst|top_sprites[5][13]                                    ; Merged with nml_gpu:gpu_inst|sprite_eval:eval_inst|top_prios[5][2]     ;
; nml_gpu:gpu_inst|sprite_eval:eval_inst|top_sprites[5][14]                                    ; Merged with nml_gpu:gpu_inst|sprite_eval:eval_inst|top_prios[5][2]     ;
; nml_gpu:gpu_inst|sprite_eval:eval_inst|top_sprites[5][15]                                    ; Merged with nml_gpu:gpu_inst|sprite_eval:eval_inst|top_prios[5][2]     ;
; nml_gpu:gpu_inst|sprite_eval:eval_inst|top_sprites[5][16]                                    ; Merged with nml_gpu:gpu_inst|sprite_eval:eval_inst|top_prios[5][2]     ;
; nml_gpu:gpu_inst|sprite_eval:eval_inst|top_sprites[5][17]                                    ; Merged with nml_gpu:gpu_inst|sprite_eval:eval_inst|top_prios[5][2]     ;
; nml_gpu:gpu_inst|sprite_eval:eval_inst|top_sprites[5][1]                                     ; Merged with nml_gpu:gpu_inst|sprite_eval:eval_inst|top_prios[5][2]     ;
; nml_gpu:gpu_inst|sprite_eval:eval_inst|top_sprites[5][2]                                     ; Merged with nml_gpu:gpu_inst|sprite_eval:eval_inst|top_prios[5][2]     ;
; nml_gpu:gpu_inst|sprite_eval:eval_inst|top_sprites[5][34]                                    ; Merged with nml_gpu:gpu_inst|sprite_eval:eval_inst|top_prios[5][2]     ;
; nml_gpu:gpu_inst|sprite_eval:eval_inst|top_sprites[5][35]                                    ; Merged with nml_gpu:gpu_inst|sprite_eval:eval_inst|top_prios[5][2]     ;
; nml_gpu:gpu_inst|sprite_eval:eval_inst|top_sprites[5][36]                                    ; Merged with nml_gpu:gpu_inst|sprite_eval:eval_inst|top_prios[5][2]     ;
; nml_gpu:gpu_inst|sprite_eval:eval_inst|top_sprites[5][37]                                    ; Merged with nml_gpu:gpu_inst|sprite_eval:eval_inst|top_prios[5][2]     ;
; nml_gpu:gpu_inst|sprite_eval:eval_inst|top_sprites[5][42]                                    ; Merged with nml_gpu:gpu_inst|sprite_eval:eval_inst|top_prios[5][2]     ;
; nml_gpu:gpu_inst|sprite_eval:eval_inst|top_sprites[5][9]                                     ; Merged with nml_gpu:gpu_inst|sprite_eval:eval_inst|top_prios[5][2]     ;
; nml_gpu:gpu_inst|sprite_eval:eval_inst|top_sprites[5][18]                                    ; Merged with nml_gpu:gpu_inst|sprite_eval:eval_inst|top_prios[5][1]     ;
; nml_gpu:gpu_inst|sprite_eval:eval_inst|top_sprites[6][0]                                     ; Merged with nml_gpu:gpu_inst|sprite_eval:eval_inst|top_prios[6][2]     ;
; nml_gpu:gpu_inst|sprite_eval:eval_inst|top_sprites[6][10]                                    ; Merged with nml_gpu:gpu_inst|sprite_eval:eval_inst|top_prios[6][2]     ;
; nml_gpu:gpu_inst|sprite_eval:eval_inst|top_sprites[6][11]                                    ; Merged with nml_gpu:gpu_inst|sprite_eval:eval_inst|top_prios[6][2]     ;
; nml_gpu:gpu_inst|sprite_eval:eval_inst|top_sprites[6][12]                                    ; Merged with nml_gpu:gpu_inst|sprite_eval:eval_inst|top_prios[6][2]     ;
; nml_gpu:gpu_inst|sprite_eval:eval_inst|top_sprites[6][13]                                    ; Merged with nml_gpu:gpu_inst|sprite_eval:eval_inst|top_prios[6][2]     ;
; nml_gpu:gpu_inst|sprite_eval:eval_inst|top_sprites[6][14]                                    ; Merged with nml_gpu:gpu_inst|sprite_eval:eval_inst|top_prios[6][2]     ;
; nml_gpu:gpu_inst|sprite_eval:eval_inst|top_sprites[6][15]                                    ; Merged with nml_gpu:gpu_inst|sprite_eval:eval_inst|top_prios[6][2]     ;
; nml_gpu:gpu_inst|sprite_eval:eval_inst|top_sprites[6][16]                                    ; Merged with nml_gpu:gpu_inst|sprite_eval:eval_inst|top_prios[6][2]     ;
; nml_gpu:gpu_inst|sprite_eval:eval_inst|top_sprites[6][17]                                    ; Merged with nml_gpu:gpu_inst|sprite_eval:eval_inst|top_prios[6][2]     ;
; nml_gpu:gpu_inst|sprite_eval:eval_inst|top_sprites[6][1]                                     ; Merged with nml_gpu:gpu_inst|sprite_eval:eval_inst|top_prios[6][2]     ;
; nml_gpu:gpu_inst|sprite_eval:eval_inst|top_sprites[6][2]                                     ; Merged with nml_gpu:gpu_inst|sprite_eval:eval_inst|top_prios[6][2]     ;
; nml_gpu:gpu_inst|sprite_eval:eval_inst|top_sprites[6][34]                                    ; Merged with nml_gpu:gpu_inst|sprite_eval:eval_inst|top_prios[6][2]     ;
; nml_gpu:gpu_inst|sprite_eval:eval_inst|top_sprites[6][35]                                    ; Merged with nml_gpu:gpu_inst|sprite_eval:eval_inst|top_prios[6][2]     ;
; nml_gpu:gpu_inst|sprite_eval:eval_inst|top_sprites[6][36]                                    ; Merged with nml_gpu:gpu_inst|sprite_eval:eval_inst|top_prios[6][2]     ;
; nml_gpu:gpu_inst|sprite_eval:eval_inst|top_sprites[6][37]                                    ; Merged with nml_gpu:gpu_inst|sprite_eval:eval_inst|top_prios[6][2]     ;
; nml_gpu:gpu_inst|sprite_eval:eval_inst|top_sprites[6][42]                                    ; Merged with nml_gpu:gpu_inst|sprite_eval:eval_inst|top_prios[6][2]     ;
; nml_gpu:gpu_inst|sprite_eval:eval_inst|top_sprites[6][9]                                     ; Merged with nml_gpu:gpu_inst|sprite_eval:eval_inst|top_prios[6][2]     ;
; nml_gpu:gpu_inst|sprite_eval:eval_inst|top_sprites[6][18]                                    ; Merged with nml_gpu:gpu_inst|sprite_eval:eval_inst|top_prios[6][1]     ;
; nml_gpu:gpu_inst|sprite_eval:eval_inst|top_sprites[7][0]                                     ; Merged with nml_gpu:gpu_inst|sprite_eval:eval_inst|top_prios[7][2]     ;
; nml_gpu:gpu_inst|sprite_eval:eval_inst|top_sprites[7][10]                                    ; Merged with nml_gpu:gpu_inst|sprite_eval:eval_inst|top_prios[7][2]     ;
; nml_gpu:gpu_inst|sprite_eval:eval_inst|top_sprites[7][11]                                    ; Merged with nml_gpu:gpu_inst|sprite_eval:eval_inst|top_prios[7][2]     ;
; nml_gpu:gpu_inst|sprite_eval:eval_inst|top_sprites[7][12]                                    ; Merged with nml_gpu:gpu_inst|sprite_eval:eval_inst|top_prios[7][2]     ;
; nml_gpu:gpu_inst|sprite_eval:eval_inst|top_sprites[7][13]                                    ; Merged with nml_gpu:gpu_inst|sprite_eval:eval_inst|top_prios[7][2]     ;
; nml_gpu:gpu_inst|sprite_eval:eval_inst|top_sprites[7][14]                                    ; Merged with nml_gpu:gpu_inst|sprite_eval:eval_inst|top_prios[7][2]     ;
; nml_gpu:gpu_inst|sprite_eval:eval_inst|top_sprites[7][15]                                    ; Merged with nml_gpu:gpu_inst|sprite_eval:eval_inst|top_prios[7][2]     ;
; nml_gpu:gpu_inst|sprite_eval:eval_inst|top_sprites[7][16]                                    ; Merged with nml_gpu:gpu_inst|sprite_eval:eval_inst|top_prios[7][2]     ;
; nml_gpu:gpu_inst|sprite_eval:eval_inst|top_sprites[7][17]                                    ; Merged with nml_gpu:gpu_inst|sprite_eval:eval_inst|top_prios[7][2]     ;
; nml_gpu:gpu_inst|sprite_eval:eval_inst|top_sprites[7][1]                                     ; Merged with nml_gpu:gpu_inst|sprite_eval:eval_inst|top_prios[7][2]     ;
; nml_gpu:gpu_inst|sprite_eval:eval_inst|top_sprites[7][2]                                     ; Merged with nml_gpu:gpu_inst|sprite_eval:eval_inst|top_prios[7][2]     ;
; nml_gpu:gpu_inst|sprite_eval:eval_inst|top_sprites[7][34]                                    ; Merged with nml_gpu:gpu_inst|sprite_eval:eval_inst|top_prios[7][2]     ;
; nml_gpu:gpu_inst|sprite_eval:eval_inst|top_sprites[7][35]                                    ; Merged with nml_gpu:gpu_inst|sprite_eval:eval_inst|top_prios[7][2]     ;
; nml_gpu:gpu_inst|sprite_eval:eval_inst|top_sprites[7][36]                                    ; Merged with nml_gpu:gpu_inst|sprite_eval:eval_inst|top_prios[7][2]     ;
; nml_gpu:gpu_inst|sprite_eval:eval_inst|top_sprites[7][37]                                    ; Merged with nml_gpu:gpu_inst|sprite_eval:eval_inst|top_prios[7][2]     ;
; nml_gpu:gpu_inst|sprite_eval:eval_inst|top_sprites[7][42]                                    ; Merged with nml_gpu:gpu_inst|sprite_eval:eval_inst|top_prios[7][2]     ;
; nml_gpu:gpu_inst|sprite_eval:eval_inst|top_sprites[7][9]                                     ; Merged with nml_gpu:gpu_inst|sprite_eval:eval_inst|top_prios[7][2]     ;
; nml_gpu:gpu_inst|sprite_eval:eval_inst|top_sprites[7][18]                                    ; Merged with nml_gpu:gpu_inst|sprite_eval:eval_inst|top_prios[7][1]     ;
; nml_gpu:gpu_inst|sprite_eval:eval_inst|line_sprites[0][4]                                    ; Merged with nml_gpu:gpu_inst|sprite_eval:eval_inst|line_sprites[0][3]  ;
; nml_gpu:gpu_inst|sprite_eval:eval_inst|line_sprites[1][4]                                    ; Merged with nml_gpu:gpu_inst|sprite_eval:eval_inst|line_sprites[1][3]  ;
; nml_gpu:gpu_inst|sprite_eval:eval_inst|line_sprites[2][4]                                    ; Merged with nml_gpu:gpu_inst|sprite_eval:eval_inst|line_sprites[2][3]  ;
; nml_gpu:gpu_inst|sprite_eval:eval_inst|line_sprites[3][4]                                    ; Merged with nml_gpu:gpu_inst|sprite_eval:eval_inst|line_sprites[3][3]  ;
; nml_gpu:gpu_inst|sprite_eval:eval_inst|line_sprites[4][4]                                    ; Merged with nml_gpu:gpu_inst|sprite_eval:eval_inst|line_sprites[4][3]  ;
; nml_gpu:gpu_inst|sprite_eval:eval_inst|line_sprites[5][4]                                    ; Merged with nml_gpu:gpu_inst|sprite_eval:eval_inst|line_sprites[5][3]  ;
; nml_gpu:gpu_inst|sprite_eval:eval_inst|line_sprites[6][4]                                    ; Merged with nml_gpu:gpu_inst|sprite_eval:eval_inst|line_sprites[6][3]  ;
; nml_gpu:gpu_inst|sprite_eval:eval_inst|line_sprites[7][4]                                    ; Merged with nml_gpu:gpu_inst|sprite_eval:eval_inst|line_sprites[7][3]  ;
; nml_gpu:gpu_inst|sprite_eval:eval_inst|line_sprites[1][10]                                   ; Merged with nml_gpu:gpu_inst|sprite_eval:eval_inst|line_sprites[1][0]  ;
; nml_gpu:gpu_inst|sprite_eval:eval_inst|line_sprites[1][11]                                   ; Merged with nml_gpu:gpu_inst|sprite_eval:eval_inst|line_sprites[1][0]  ;
; nml_gpu:gpu_inst|sprite_eval:eval_inst|line_sprites[1][12]                                   ; Merged with nml_gpu:gpu_inst|sprite_eval:eval_inst|line_sprites[1][0]  ;
; nml_gpu:gpu_inst|sprite_eval:eval_inst|line_sprites[1][13]                                   ; Merged with nml_gpu:gpu_inst|sprite_eval:eval_inst|line_sprites[1][0]  ;
; nml_gpu:gpu_inst|sprite_eval:eval_inst|line_sprites[1][14]                                   ; Merged with nml_gpu:gpu_inst|sprite_eval:eval_inst|line_sprites[1][0]  ;
; nml_gpu:gpu_inst|sprite_eval:eval_inst|line_sprites[1][15]                                   ; Merged with nml_gpu:gpu_inst|sprite_eval:eval_inst|line_sprites[1][0]  ;
; nml_gpu:gpu_inst|sprite_eval:eval_inst|line_sprites[1][16]                                   ; Merged with nml_gpu:gpu_inst|sprite_eval:eval_inst|line_sprites[1][0]  ;
; nml_gpu:gpu_inst|sprite_eval:eval_inst|line_sprites[1][17]                                   ; Merged with nml_gpu:gpu_inst|sprite_eval:eval_inst|line_sprites[1][0]  ;
; nml_gpu:gpu_inst|sprite_eval:eval_inst|line_sprites[1][1]                                    ; Merged with nml_gpu:gpu_inst|sprite_eval:eval_inst|line_sprites[1][0]  ;
; nml_gpu:gpu_inst|sprite_eval:eval_inst|line_sprites[1][2]                                    ; Merged with nml_gpu:gpu_inst|sprite_eval:eval_inst|line_sprites[1][0]  ;
; nml_gpu:gpu_inst|sprite_eval:eval_inst|line_sprites[1][34]                                   ; Merged with nml_gpu:gpu_inst|sprite_eval:eval_inst|line_sprites[1][0]  ;
; nml_gpu:gpu_inst|sprite_eval:eval_inst|line_sprites[1][35]                                   ; Merged with nml_gpu:gpu_inst|sprite_eval:eval_inst|line_sprites[1][0]  ;
; nml_gpu:gpu_inst|sprite_eval:eval_inst|line_sprites[1][36]                                   ; Merged with nml_gpu:gpu_inst|sprite_eval:eval_inst|line_sprites[1][0]  ;
; nml_gpu:gpu_inst|sprite_eval:eval_inst|line_sprites[1][37]                                   ; Merged with nml_gpu:gpu_inst|sprite_eval:eval_inst|line_sprites[1][0]  ;
; nml_gpu:gpu_inst|sprite_eval:eval_inst|line_sprites[1][42]                                   ; Merged with nml_gpu:gpu_inst|sprite_eval:eval_inst|line_sprites[1][0]  ;
; nml_gpu:gpu_inst|sprite_eval:eval_inst|line_sprites[1][9]                                    ; Merged with nml_gpu:gpu_inst|sprite_eval:eval_inst|line_sprites[1][0]  ;
; nml_gpu:gpu_inst|sprite_eval:eval_inst|line_sprites[2][10]                                   ; Merged with nml_gpu:gpu_inst|sprite_eval:eval_inst|line_sprites[2][0]  ;
; nml_gpu:gpu_inst|sprite_eval:eval_inst|line_sprites[2][11]                                   ; Merged with nml_gpu:gpu_inst|sprite_eval:eval_inst|line_sprites[2][0]  ;
; nml_gpu:gpu_inst|sprite_eval:eval_inst|line_sprites[2][12]                                   ; Merged with nml_gpu:gpu_inst|sprite_eval:eval_inst|line_sprites[2][0]  ;
; nml_gpu:gpu_inst|sprite_eval:eval_inst|line_sprites[2][13]                                   ; Merged with nml_gpu:gpu_inst|sprite_eval:eval_inst|line_sprites[2][0]  ;
; nml_gpu:gpu_inst|sprite_eval:eval_inst|line_sprites[2][14]                                   ; Merged with nml_gpu:gpu_inst|sprite_eval:eval_inst|line_sprites[2][0]  ;
; nml_gpu:gpu_inst|sprite_eval:eval_inst|line_sprites[2][15]                                   ; Merged with nml_gpu:gpu_inst|sprite_eval:eval_inst|line_sprites[2][0]  ;
; nml_gpu:gpu_inst|sprite_eval:eval_inst|line_sprites[2][16]                                   ; Merged with nml_gpu:gpu_inst|sprite_eval:eval_inst|line_sprites[2][0]  ;
; nml_gpu:gpu_inst|sprite_eval:eval_inst|line_sprites[2][17]                                   ; Merged with nml_gpu:gpu_inst|sprite_eval:eval_inst|line_sprites[2][0]  ;
; nml_gpu:gpu_inst|sprite_eval:eval_inst|line_sprites[2][1]                                    ; Merged with nml_gpu:gpu_inst|sprite_eval:eval_inst|line_sprites[2][0]  ;
; nml_gpu:gpu_inst|sprite_eval:eval_inst|line_sprites[2][2]                                    ; Merged with nml_gpu:gpu_inst|sprite_eval:eval_inst|line_sprites[2][0]  ;
; nml_gpu:gpu_inst|sprite_eval:eval_inst|line_sprites[2][34]                                   ; Merged with nml_gpu:gpu_inst|sprite_eval:eval_inst|line_sprites[2][0]  ;
; nml_gpu:gpu_inst|sprite_eval:eval_inst|line_sprites[2][35]                                   ; Merged with nml_gpu:gpu_inst|sprite_eval:eval_inst|line_sprites[2][0]  ;
; nml_gpu:gpu_inst|sprite_eval:eval_inst|line_sprites[2][36]                                   ; Merged with nml_gpu:gpu_inst|sprite_eval:eval_inst|line_sprites[2][0]  ;
; nml_gpu:gpu_inst|sprite_eval:eval_inst|line_sprites[2][37]                                   ; Merged with nml_gpu:gpu_inst|sprite_eval:eval_inst|line_sprites[2][0]  ;
; nml_gpu:gpu_inst|sprite_eval:eval_inst|line_sprites[2][42]                                   ; Merged with nml_gpu:gpu_inst|sprite_eval:eval_inst|line_sprites[2][0]  ;
; nml_gpu:gpu_inst|sprite_eval:eval_inst|line_sprites[2][9]                                    ; Merged with nml_gpu:gpu_inst|sprite_eval:eval_inst|line_sprites[2][0]  ;
; nml_gpu:gpu_inst|sprite_eval:eval_inst|line_sprites[3][10]                                   ; Merged with nml_gpu:gpu_inst|sprite_eval:eval_inst|line_sprites[3][0]  ;
; nml_gpu:gpu_inst|sprite_eval:eval_inst|line_sprites[3][11]                                   ; Merged with nml_gpu:gpu_inst|sprite_eval:eval_inst|line_sprites[3][0]  ;
; nml_gpu:gpu_inst|sprite_eval:eval_inst|line_sprites[3][12]                                   ; Merged with nml_gpu:gpu_inst|sprite_eval:eval_inst|line_sprites[3][0]  ;
; nml_gpu:gpu_inst|sprite_eval:eval_inst|line_sprites[3][13]                                   ; Merged with nml_gpu:gpu_inst|sprite_eval:eval_inst|line_sprites[3][0]  ;
; nml_gpu:gpu_inst|sprite_eval:eval_inst|line_sprites[3][14]                                   ; Merged with nml_gpu:gpu_inst|sprite_eval:eval_inst|line_sprites[3][0]  ;
; nml_gpu:gpu_inst|sprite_eval:eval_inst|line_sprites[3][15]                                   ; Merged with nml_gpu:gpu_inst|sprite_eval:eval_inst|line_sprites[3][0]  ;
; nml_gpu:gpu_inst|sprite_eval:eval_inst|line_sprites[3][16]                                   ; Merged with nml_gpu:gpu_inst|sprite_eval:eval_inst|line_sprites[3][0]  ;
; nml_gpu:gpu_inst|sprite_eval:eval_inst|line_sprites[3][17]                                   ; Merged with nml_gpu:gpu_inst|sprite_eval:eval_inst|line_sprites[3][0]  ;
; nml_gpu:gpu_inst|sprite_eval:eval_inst|line_sprites[3][1]                                    ; Merged with nml_gpu:gpu_inst|sprite_eval:eval_inst|line_sprites[3][0]  ;
; nml_gpu:gpu_inst|sprite_eval:eval_inst|line_sprites[3][2]                                    ; Merged with nml_gpu:gpu_inst|sprite_eval:eval_inst|line_sprites[3][0]  ;
; nml_gpu:gpu_inst|sprite_eval:eval_inst|line_sprites[3][34]                                   ; Merged with nml_gpu:gpu_inst|sprite_eval:eval_inst|line_sprites[3][0]  ;
; nml_gpu:gpu_inst|sprite_eval:eval_inst|line_sprites[3][35]                                   ; Merged with nml_gpu:gpu_inst|sprite_eval:eval_inst|line_sprites[3][0]  ;
; nml_gpu:gpu_inst|sprite_eval:eval_inst|line_sprites[3][36]                                   ; Merged with nml_gpu:gpu_inst|sprite_eval:eval_inst|line_sprites[3][0]  ;
; nml_gpu:gpu_inst|sprite_eval:eval_inst|line_sprites[3][37]                                   ; Merged with nml_gpu:gpu_inst|sprite_eval:eval_inst|line_sprites[3][0]  ;
; nml_gpu:gpu_inst|sprite_eval:eval_inst|line_sprites[3][42]                                   ; Merged with nml_gpu:gpu_inst|sprite_eval:eval_inst|line_sprites[3][0]  ;
; nml_gpu:gpu_inst|sprite_eval:eval_inst|line_sprites[3][9]                                    ; Merged with nml_gpu:gpu_inst|sprite_eval:eval_inst|line_sprites[3][0]  ;
; nml_gpu:gpu_inst|sprite_eval:eval_inst|line_sprites[4][10]                                   ; Merged with nml_gpu:gpu_inst|sprite_eval:eval_inst|line_sprites[4][0]  ;
; nml_gpu:gpu_inst|sprite_eval:eval_inst|line_sprites[4][11]                                   ; Merged with nml_gpu:gpu_inst|sprite_eval:eval_inst|line_sprites[4][0]  ;
; nml_gpu:gpu_inst|sprite_eval:eval_inst|line_sprites[4][12]                                   ; Merged with nml_gpu:gpu_inst|sprite_eval:eval_inst|line_sprites[4][0]  ;
; nml_gpu:gpu_inst|sprite_eval:eval_inst|line_sprites[4][13]                                   ; Merged with nml_gpu:gpu_inst|sprite_eval:eval_inst|line_sprites[4][0]  ;
; nml_gpu:gpu_inst|sprite_eval:eval_inst|line_sprites[4][14]                                   ; Merged with nml_gpu:gpu_inst|sprite_eval:eval_inst|line_sprites[4][0]  ;
; nml_gpu:gpu_inst|sprite_eval:eval_inst|line_sprites[4][15]                                   ; Merged with nml_gpu:gpu_inst|sprite_eval:eval_inst|line_sprites[4][0]  ;
; nml_gpu:gpu_inst|sprite_eval:eval_inst|line_sprites[4][16]                                   ; Merged with nml_gpu:gpu_inst|sprite_eval:eval_inst|line_sprites[4][0]  ;
; nml_gpu:gpu_inst|sprite_eval:eval_inst|line_sprites[4][17]                                   ; Merged with nml_gpu:gpu_inst|sprite_eval:eval_inst|line_sprites[4][0]  ;
; nml_gpu:gpu_inst|sprite_eval:eval_inst|line_sprites[4][1]                                    ; Merged with nml_gpu:gpu_inst|sprite_eval:eval_inst|line_sprites[4][0]  ;
; nml_gpu:gpu_inst|sprite_eval:eval_inst|line_sprites[4][2]                                    ; Merged with nml_gpu:gpu_inst|sprite_eval:eval_inst|line_sprites[4][0]  ;
; nml_gpu:gpu_inst|sprite_eval:eval_inst|line_sprites[4][34]                                   ; Merged with nml_gpu:gpu_inst|sprite_eval:eval_inst|line_sprites[4][0]  ;
; nml_gpu:gpu_inst|sprite_eval:eval_inst|line_sprites[4][35]                                   ; Merged with nml_gpu:gpu_inst|sprite_eval:eval_inst|line_sprites[4][0]  ;
; nml_gpu:gpu_inst|sprite_eval:eval_inst|line_sprites[4][36]                                   ; Merged with nml_gpu:gpu_inst|sprite_eval:eval_inst|line_sprites[4][0]  ;
; nml_gpu:gpu_inst|sprite_eval:eval_inst|line_sprites[4][37]                                   ; Merged with nml_gpu:gpu_inst|sprite_eval:eval_inst|line_sprites[4][0]  ;
; nml_gpu:gpu_inst|sprite_eval:eval_inst|line_sprites[4][42]                                   ; Merged with nml_gpu:gpu_inst|sprite_eval:eval_inst|line_sprites[4][0]  ;
; nml_gpu:gpu_inst|sprite_eval:eval_inst|line_sprites[4][9]                                    ; Merged with nml_gpu:gpu_inst|sprite_eval:eval_inst|line_sprites[4][0]  ;
; nml_gpu:gpu_inst|sprite_eval:eval_inst|line_sprites[5][10]                                   ; Merged with nml_gpu:gpu_inst|sprite_eval:eval_inst|line_sprites[5][0]  ;
; nml_gpu:gpu_inst|sprite_eval:eval_inst|line_sprites[5][11]                                   ; Merged with nml_gpu:gpu_inst|sprite_eval:eval_inst|line_sprites[5][0]  ;
; nml_gpu:gpu_inst|sprite_eval:eval_inst|line_sprites[5][12]                                   ; Merged with nml_gpu:gpu_inst|sprite_eval:eval_inst|line_sprites[5][0]  ;
; nml_gpu:gpu_inst|sprite_eval:eval_inst|line_sprites[5][13]                                   ; Merged with nml_gpu:gpu_inst|sprite_eval:eval_inst|line_sprites[5][0]  ;
; nml_gpu:gpu_inst|sprite_eval:eval_inst|line_sprites[5][14]                                   ; Merged with nml_gpu:gpu_inst|sprite_eval:eval_inst|line_sprites[5][0]  ;
; nml_gpu:gpu_inst|sprite_eval:eval_inst|line_sprites[5][15]                                   ; Merged with nml_gpu:gpu_inst|sprite_eval:eval_inst|line_sprites[5][0]  ;
; nml_gpu:gpu_inst|sprite_eval:eval_inst|line_sprites[5][16]                                   ; Merged with nml_gpu:gpu_inst|sprite_eval:eval_inst|line_sprites[5][0]  ;
; nml_gpu:gpu_inst|sprite_eval:eval_inst|line_sprites[5][17]                                   ; Merged with nml_gpu:gpu_inst|sprite_eval:eval_inst|line_sprites[5][0]  ;
; nml_gpu:gpu_inst|sprite_eval:eval_inst|line_sprites[5][1]                                    ; Merged with nml_gpu:gpu_inst|sprite_eval:eval_inst|line_sprites[5][0]  ;
; nml_gpu:gpu_inst|sprite_eval:eval_inst|line_sprites[5][2]                                    ; Merged with nml_gpu:gpu_inst|sprite_eval:eval_inst|line_sprites[5][0]  ;
; nml_gpu:gpu_inst|sprite_eval:eval_inst|line_sprites[5][34]                                   ; Merged with nml_gpu:gpu_inst|sprite_eval:eval_inst|line_sprites[5][0]  ;
; nml_gpu:gpu_inst|sprite_eval:eval_inst|line_sprites[5][35]                                   ; Merged with nml_gpu:gpu_inst|sprite_eval:eval_inst|line_sprites[5][0]  ;
; nml_gpu:gpu_inst|sprite_eval:eval_inst|line_sprites[5][36]                                   ; Merged with nml_gpu:gpu_inst|sprite_eval:eval_inst|line_sprites[5][0]  ;
; nml_gpu:gpu_inst|sprite_eval:eval_inst|line_sprites[5][37]                                   ; Merged with nml_gpu:gpu_inst|sprite_eval:eval_inst|line_sprites[5][0]  ;
; nml_gpu:gpu_inst|sprite_eval:eval_inst|line_sprites[5][42]                                   ; Merged with nml_gpu:gpu_inst|sprite_eval:eval_inst|line_sprites[5][0]  ;
; nml_gpu:gpu_inst|sprite_eval:eval_inst|line_sprites[5][9]                                    ; Merged with nml_gpu:gpu_inst|sprite_eval:eval_inst|line_sprites[5][0]  ;
; nml_gpu:gpu_inst|sprite_eval:eval_inst|line_sprites[6][10]                                   ; Merged with nml_gpu:gpu_inst|sprite_eval:eval_inst|line_sprites[6][0]  ;
; nml_gpu:gpu_inst|sprite_eval:eval_inst|line_sprites[6][11]                                   ; Merged with nml_gpu:gpu_inst|sprite_eval:eval_inst|line_sprites[6][0]  ;
; nml_gpu:gpu_inst|sprite_eval:eval_inst|line_sprites[6][12]                                   ; Merged with nml_gpu:gpu_inst|sprite_eval:eval_inst|line_sprites[6][0]  ;
; nml_gpu:gpu_inst|sprite_eval:eval_inst|line_sprites[6][13]                                   ; Merged with nml_gpu:gpu_inst|sprite_eval:eval_inst|line_sprites[6][0]  ;
; nml_gpu:gpu_inst|sprite_eval:eval_inst|line_sprites[6][14]                                   ; Merged with nml_gpu:gpu_inst|sprite_eval:eval_inst|line_sprites[6][0]  ;
; nml_gpu:gpu_inst|sprite_eval:eval_inst|line_sprites[6][15]                                   ; Merged with nml_gpu:gpu_inst|sprite_eval:eval_inst|line_sprites[6][0]  ;
; nml_gpu:gpu_inst|sprite_eval:eval_inst|line_sprites[6][16]                                   ; Merged with nml_gpu:gpu_inst|sprite_eval:eval_inst|line_sprites[6][0]  ;
; nml_gpu:gpu_inst|sprite_eval:eval_inst|line_sprites[6][17]                                   ; Merged with nml_gpu:gpu_inst|sprite_eval:eval_inst|line_sprites[6][0]  ;
; nml_gpu:gpu_inst|sprite_eval:eval_inst|line_sprites[6][1]                                    ; Merged with nml_gpu:gpu_inst|sprite_eval:eval_inst|line_sprites[6][0]  ;
; nml_gpu:gpu_inst|sprite_eval:eval_inst|line_sprites[6][2]                                    ; Merged with nml_gpu:gpu_inst|sprite_eval:eval_inst|line_sprites[6][0]  ;
; nml_gpu:gpu_inst|sprite_eval:eval_inst|line_sprites[6][34]                                   ; Merged with nml_gpu:gpu_inst|sprite_eval:eval_inst|line_sprites[6][0]  ;
; nml_gpu:gpu_inst|sprite_eval:eval_inst|line_sprites[6][35]                                   ; Merged with nml_gpu:gpu_inst|sprite_eval:eval_inst|line_sprites[6][0]  ;
; nml_gpu:gpu_inst|sprite_eval:eval_inst|line_sprites[6][36]                                   ; Merged with nml_gpu:gpu_inst|sprite_eval:eval_inst|line_sprites[6][0]  ;
; nml_gpu:gpu_inst|sprite_eval:eval_inst|line_sprites[6][37]                                   ; Merged with nml_gpu:gpu_inst|sprite_eval:eval_inst|line_sprites[6][0]  ;
; nml_gpu:gpu_inst|sprite_eval:eval_inst|line_sprites[6][42]                                   ; Merged with nml_gpu:gpu_inst|sprite_eval:eval_inst|line_sprites[6][0]  ;
; nml_gpu:gpu_inst|sprite_eval:eval_inst|line_sprites[6][9]                                    ; Merged with nml_gpu:gpu_inst|sprite_eval:eval_inst|line_sprites[6][0]  ;
; nml_gpu:gpu_inst|sprite_eval:eval_inst|line_sprites[7][10]                                   ; Merged with nml_gpu:gpu_inst|sprite_eval:eval_inst|line_sprites[7][0]  ;
; nml_gpu:gpu_inst|sprite_eval:eval_inst|line_sprites[7][11]                                   ; Merged with nml_gpu:gpu_inst|sprite_eval:eval_inst|line_sprites[7][0]  ;
; nml_gpu:gpu_inst|sprite_eval:eval_inst|line_sprites[7][12]                                   ; Merged with nml_gpu:gpu_inst|sprite_eval:eval_inst|line_sprites[7][0]  ;
; nml_gpu:gpu_inst|sprite_eval:eval_inst|line_sprites[7][13]                                   ; Merged with nml_gpu:gpu_inst|sprite_eval:eval_inst|line_sprites[7][0]  ;
; nml_gpu:gpu_inst|sprite_eval:eval_inst|line_sprites[7][14]                                   ; Merged with nml_gpu:gpu_inst|sprite_eval:eval_inst|line_sprites[7][0]  ;
; nml_gpu:gpu_inst|sprite_eval:eval_inst|line_sprites[7][15]                                   ; Merged with nml_gpu:gpu_inst|sprite_eval:eval_inst|line_sprites[7][0]  ;
; nml_gpu:gpu_inst|sprite_eval:eval_inst|line_sprites[7][16]                                   ; Merged with nml_gpu:gpu_inst|sprite_eval:eval_inst|line_sprites[7][0]  ;
; nml_gpu:gpu_inst|sprite_eval:eval_inst|line_sprites[7][17]                                   ; Merged with nml_gpu:gpu_inst|sprite_eval:eval_inst|line_sprites[7][0]  ;
; nml_gpu:gpu_inst|sprite_eval:eval_inst|line_sprites[7][1]                                    ; Merged with nml_gpu:gpu_inst|sprite_eval:eval_inst|line_sprites[7][0]  ;
; nml_gpu:gpu_inst|sprite_eval:eval_inst|line_sprites[7][2]                                    ; Merged with nml_gpu:gpu_inst|sprite_eval:eval_inst|line_sprites[7][0]  ;
; nml_gpu:gpu_inst|sprite_eval:eval_inst|line_sprites[7][34]                                   ; Merged with nml_gpu:gpu_inst|sprite_eval:eval_inst|line_sprites[7][0]  ;
; nml_gpu:gpu_inst|sprite_eval:eval_inst|line_sprites[7][35]                                   ; Merged with nml_gpu:gpu_inst|sprite_eval:eval_inst|line_sprites[7][0]  ;
; nml_gpu:gpu_inst|sprite_eval:eval_inst|line_sprites[7][36]                                   ; Merged with nml_gpu:gpu_inst|sprite_eval:eval_inst|line_sprites[7][0]  ;
; nml_gpu:gpu_inst|sprite_eval:eval_inst|line_sprites[7][37]                                   ; Merged with nml_gpu:gpu_inst|sprite_eval:eval_inst|line_sprites[7][0]  ;
; nml_gpu:gpu_inst|sprite_eval:eval_inst|line_sprites[7][42]                                   ; Merged with nml_gpu:gpu_inst|sprite_eval:eval_inst|line_sprites[7][0]  ;
; nml_gpu:gpu_inst|sprite_eval:eval_inst|line_sprites[7][9]                                    ; Merged with nml_gpu:gpu_inst|sprite_eval:eval_inst|line_sprites[7][0]  ;
; nml_gpu:gpu_inst|sprite_eval:eval_inst|line_sprites[0][6]                                    ; Merged with nml_gpu:gpu_inst|sprite_eval:eval_inst|line_sprites[0][33] ;
; nml_gpu:gpu_inst|sprite_eval:eval_inst|line_sprites[1][6]                                    ; Merged with nml_gpu:gpu_inst|sprite_eval:eval_inst|line_sprites[1][33] ;
; nml_gpu:gpu_inst|sprite_eval:eval_inst|line_sprites[2][6]                                    ; Merged with nml_gpu:gpu_inst|sprite_eval:eval_inst|line_sprites[2][33] ;
; nml_gpu:gpu_inst|sprite_eval:eval_inst|line_sprites[3][6]                                    ; Merged with nml_gpu:gpu_inst|sprite_eval:eval_inst|line_sprites[3][33] ;
; nml_gpu:gpu_inst|sprite_eval:eval_inst|line_sprites[4][6]                                    ; Merged with nml_gpu:gpu_inst|sprite_eval:eval_inst|line_sprites[4][33] ;
; nml_gpu:gpu_inst|sprite_eval:eval_inst|line_sprites[5][6]                                    ; Merged with nml_gpu:gpu_inst|sprite_eval:eval_inst|line_sprites[5][33] ;
; nml_gpu:gpu_inst|sprite_eval:eval_inst|line_sprites[6][6]                                    ; Merged with nml_gpu:gpu_inst|sprite_eval:eval_inst|line_sprites[6][33] ;
; nml_gpu:gpu_inst|sprite_eval:eval_inst|line_sprites[7][6]                                    ; Merged with nml_gpu:gpu_inst|sprite_eval:eval_inst|line_sprites[7][33] ;
; nml_gpu:gpu_inst|sprite_eval:eval_inst|top_sprites[0][4]                                     ; Merged with nml_gpu:gpu_inst|sprite_eval:eval_inst|top_sprites[0][3]   ;
; nml_gpu:gpu_inst|sprite_eval:eval_inst|top_sprites[1][4]                                     ; Merged with nml_gpu:gpu_inst|sprite_eval:eval_inst|top_sprites[1][3]   ;
; nml_gpu:gpu_inst|sprite_eval:eval_inst|top_sprites[2][4]                                     ; Merged with nml_gpu:gpu_inst|sprite_eval:eval_inst|top_sprites[2][3]   ;
; nml_gpu:gpu_inst|sprite_eval:eval_inst|top_sprites[3][4]                                     ; Merged with nml_gpu:gpu_inst|sprite_eval:eval_inst|top_sprites[3][3]   ;
; nml_gpu:gpu_inst|sprite_eval:eval_inst|top_sprites[4][4]                                     ; Merged with nml_gpu:gpu_inst|sprite_eval:eval_inst|top_sprites[4][3]   ;
; nml_gpu:gpu_inst|sprite_eval:eval_inst|top_sprites[5][4]                                     ; Merged with nml_gpu:gpu_inst|sprite_eval:eval_inst|top_sprites[5][3]   ;
; nml_gpu:gpu_inst|sprite_eval:eval_inst|top_sprites[6][4]                                     ; Merged with nml_gpu:gpu_inst|sprite_eval:eval_inst|top_sprites[6][3]   ;
; nml_gpu:gpu_inst|sprite_eval:eval_inst|top_sprites[7][4]                                     ; Merged with nml_gpu:gpu_inst|sprite_eval:eval_inst|top_sprites[7][3]   ;
; nml_gpu:gpu_inst|sprite_eval:eval_inst|top_sprites[0][6]                                     ; Merged with nml_gpu:gpu_inst|sprite_eval:eval_inst|top_sprites[0][33]  ;
; nml_gpu:gpu_inst|sprite_eval:eval_inst|top_sprites[1][6]                                     ; Merged with nml_gpu:gpu_inst|sprite_eval:eval_inst|top_sprites[1][33]  ;
; nml_gpu:gpu_inst|sprite_eval:eval_inst|top_sprites[2][6]                                     ; Merged with nml_gpu:gpu_inst|sprite_eval:eval_inst|top_sprites[2][33]  ;
; nml_gpu:gpu_inst|sprite_eval:eval_inst|top_sprites[3][6]                                     ; Merged with nml_gpu:gpu_inst|sprite_eval:eval_inst|top_sprites[3][33]  ;
; nml_gpu:gpu_inst|sprite_eval:eval_inst|top_sprites[4][6]                                     ; Merged with nml_gpu:gpu_inst|sprite_eval:eval_inst|top_sprites[4][33]  ;
; nml_gpu:gpu_inst|sprite_eval:eval_inst|top_sprites[5][6]                                     ; Merged with nml_gpu:gpu_inst|sprite_eval:eval_inst|top_sprites[5][33]  ;
; nml_gpu:gpu_inst|sprite_eval:eval_inst|top_sprites[6][6]                                     ; Merged with nml_gpu:gpu_inst|sprite_eval:eval_inst|top_sprites[6][33]  ;
; nml_gpu:gpu_inst|sprite_eval:eval_inst|top_sprites[7][6]                                     ; Merged with nml_gpu:gpu_inst|sprite_eval:eval_inst|top_sprites[7][33]  ;
; nml_gpu:gpu_inst|sprite_fetch:fetch_inst|sprrom_raddr[11..13]                                ; Merged with nml_gpu:gpu_inst|sprite_fetch:fetch_inst|sprrom_raddr[10]  ;
; nml_gpu:gpu_inst|sprite_eval:eval_inst|line_sprites[0][32]                                   ; Merged with nml_gpu:gpu_inst|sprite_eval:eval_inst|line_sprites[0][19] ;
; nml_gpu:gpu_inst|sprite_eval:eval_inst|line_sprites[1][32]                                   ; Merged with nml_gpu:gpu_inst|sprite_eval:eval_inst|line_sprites[1][19] ;
; nml_gpu:gpu_inst|sprite_eval:eval_inst|line_sprites[2][32]                                   ; Merged with nml_gpu:gpu_inst|sprite_eval:eval_inst|line_sprites[2][19] ;
; nml_gpu:gpu_inst|sprite_eval:eval_inst|line_sprites[3][32]                                   ; Merged with nml_gpu:gpu_inst|sprite_eval:eval_inst|line_sprites[3][19] ;
; nml_gpu:gpu_inst|sprite_eval:eval_inst|line_sprites[4][32]                                   ; Merged with nml_gpu:gpu_inst|sprite_eval:eval_inst|line_sprites[4][19] ;
; nml_gpu:gpu_inst|sprite_eval:eval_inst|line_sprites[5][32]                                   ; Merged with nml_gpu:gpu_inst|sprite_eval:eval_inst|line_sprites[5][19] ;
; nml_gpu:gpu_inst|sprite_eval:eval_inst|line_sprites[6][32]                                   ; Merged with nml_gpu:gpu_inst|sprite_eval:eval_inst|line_sprites[6][19] ;
; nml_gpu:gpu_inst|sprite_eval:eval_inst|line_sprites[7][32]                                   ; Merged with nml_gpu:gpu_inst|sprite_eval:eval_inst|line_sprites[7][19] ;
; nml_gpu:gpu_inst|sprite_eval:eval_inst|top_sprites[0][32]                                    ; Merged with nml_gpu:gpu_inst|sprite_eval:eval_inst|top_sprites[0][19]  ;
; nml_gpu:gpu_inst|sprite_eval:eval_inst|top_sprites[1][32]                                    ; Merged with nml_gpu:gpu_inst|sprite_eval:eval_inst|top_sprites[1][19]  ;
; nml_gpu:gpu_inst|sprite_eval:eval_inst|top_sprites[2][32]                                    ; Merged with nml_gpu:gpu_inst|sprite_eval:eval_inst|top_sprites[2][19]  ;
; nml_gpu:gpu_inst|sprite_eval:eval_inst|top_sprites[3][32]                                    ; Merged with nml_gpu:gpu_inst|sprite_eval:eval_inst|top_sprites[3][19]  ;
; nml_gpu:gpu_inst|sprite_eval:eval_inst|top_sprites[4][32]                                    ; Merged with nml_gpu:gpu_inst|sprite_eval:eval_inst|top_sprites[4][19]  ;
; nml_gpu:gpu_inst|sprite_eval:eval_inst|top_sprites[5][32]                                    ; Merged with nml_gpu:gpu_inst|sprite_eval:eval_inst|top_sprites[5][19]  ;
; nml_gpu:gpu_inst|sprite_eval:eval_inst|top_sprites[6][32]                                    ; Merged with nml_gpu:gpu_inst|sprite_eval:eval_inst|top_sprites[6][19]  ;
; nml_gpu:gpu_inst|sprite_eval:eval_inst|top_sprites[7][32]                                    ; Merged with nml_gpu:gpu_inst|sprite_eval:eval_inst|top_sprites[7][19]  ;
; nml_gpu:gpu_inst|sprite_eval:eval_inst|top_prios[1][2]                                       ; Stuck at GND due to stuck port data_in                                 ;
; nml_gpu:gpu_inst|sprite_eval:eval_inst|line_sprites[1][0]                                    ; Stuck at GND due to stuck port data_in                                 ;
; nml_gpu:gpu_inst|sprite_eval:eval_inst|top_prios[2][2]                                       ; Stuck at GND due to stuck port data_in                                 ;
; nml_gpu:gpu_inst|sprite_eval:eval_inst|line_sprites[2][0]                                    ; Stuck at GND due to stuck port data_in                                 ;
; nml_gpu:gpu_inst|sprite_eval:eval_inst|top_prios[3][2]                                       ; Stuck at GND due to stuck port data_in                                 ;
; nml_gpu:gpu_inst|sprite_eval:eval_inst|line_sprites[3][0]                                    ; Stuck at GND due to stuck port data_in                                 ;
; nml_gpu:gpu_inst|sprite_eval:eval_inst|top_prios[4][2]                                       ; Stuck at GND due to stuck port data_in                                 ;
; nml_gpu:gpu_inst|sprite_eval:eval_inst|line_sprites[4][0]                                    ; Stuck at GND due to stuck port data_in                                 ;
; nml_gpu:gpu_inst|sprite_eval:eval_inst|top_prios[5][2]                                       ; Stuck at GND due to stuck port data_in                                 ;
; nml_gpu:gpu_inst|sprite_eval:eval_inst|line_sprites[5][0]                                    ; Stuck at GND due to stuck port data_in                                 ;
; nml_gpu:gpu_inst|sprite_eval:eval_inst|top_prios[6][2]                                       ; Stuck at GND due to stuck port data_in                                 ;
; nml_gpu:gpu_inst|sprite_eval:eval_inst|line_sprites[6][0]                                    ; Stuck at GND due to stuck port data_in                                 ;
; nml_gpu:gpu_inst|sprite_eval:eval_inst|top_prios[7][2]                                       ; Stuck at GND due to stuck port data_in                                 ;
; nml_gpu:gpu_inst|sprite_eval:eval_inst|line_sprites[7][0]                                    ; Stuck at GND due to stuck port data_in                                 ;
; nml_gpu:gpu_inst|sprite_fetch:fetch_inst|sprrom_raddr[10]                                    ; Stuck at GND due to stuck port data_in                                 ;
; nml_gpu:gpu_inst|sprite_fetch:fetch_inst|state~10                                            ; Lost fanout                                                            ;
; nml_gpu:gpu_inst|sprite_fetch:fetch_inst|state~11                                            ; Lost fanout                                                            ;
; nml_gpu:gpu_inst|sprite_fetch:fetch_inst|state~12                                            ; Lost fanout                                                            ;
; nml_gpu:gpu_inst|sprite_eval:eval_inst|state~8                                               ; Lost fanout                                                            ;
; nml_gpu:gpu_inst|sprite_eval:eval_inst|state~9                                               ; Lost fanout                                                            ;
; nml_gpu:gpu_inst|altsyncram:sprite_rom_rtl_0|altsyncram_scd1:auto_generated|address_reg_a[0] ; Stuck at GND due to stuck port data_in                                 ;
; Total Number of Removed Registers = 539                                                      ;                                                                        ;
+----------------------------------------------------------------------------------------------+------------------------------------------------------------------------+


+------------------------------------------------------------------------------------------------------------------------------------------------------+
; Removed Registers Triggering Further Register Optimizations                                                                                          ;
+------------------------------------------------------------+---------------------------+-------------------------------------------------------------+
; Register name                                              ; Reason for Removal        ; Registers Removed due to This Register                      ;
+------------------------------------------------------------+---------------------------+-------------------------------------------------------------+
; nml_gpu:gpu_inst|sprite_eval:eval_inst|top_sprites[0][31]  ; Stuck at GND              ; nml_gpu:gpu_inst|sprite_eval:eval_inst|line_sprites[0][31], ;
;                                                            ; due to stuck port data_in ; nml_gpu:gpu_inst|sprite_eval:eval_inst|line_sprites[1][31], ;
;                                                            ;                           ; nml_gpu:gpu_inst|sprite_eval:eval_inst|line_sprites[2][31], ;
;                                                            ;                           ; nml_gpu:gpu_inst|sprite_eval:eval_inst|line_sprites[3][31], ;
;                                                            ;                           ; nml_gpu:gpu_inst|sprite_eval:eval_inst|line_sprites[4][31], ;
;                                                            ;                           ; nml_gpu:gpu_inst|sprite_eval:eval_inst|line_sprites[5][31], ;
;                                                            ;                           ; nml_gpu:gpu_inst|sprite_eval:eval_inst|line_sprites[6][31], ;
;                                                            ;                           ; nml_gpu:gpu_inst|sprite_eval:eval_inst|line_sprites[7][31], ;
;                                                            ;                           ; nml_gpu:gpu_inst|sprite_eval:eval_inst|top_sprites[1][31],  ;
;                                                            ;                           ; nml_gpu:gpu_inst|sprite_eval:eval_inst|top_sprites[2][31],  ;
;                                                            ;                           ; nml_gpu:gpu_inst|sprite_eval:eval_inst|top_sprites[3][31],  ;
;                                                            ;                           ; nml_gpu:gpu_inst|sprite_eval:eval_inst|top_sprites[4][31],  ;
;                                                            ;                           ; nml_gpu:gpu_inst|sprite_eval:eval_inst|top_sprites[5][31],  ;
;                                                            ;                           ; nml_gpu:gpu_inst|sprite_eval:eval_inst|top_sprites[6][31],  ;
;                                                            ;                           ; nml_gpu:gpu_inst|sprite_eval:eval_inst|top_sprites[7][31]   ;
; nml_gpu:gpu_inst|sprite_eval:eval_inst|top_sprites[0][30]  ; Stuck at GND              ; nml_gpu:gpu_inst|sprite_eval:eval_inst|line_sprites[0][30], ;
;                                                            ; due to stuck port data_in ; nml_gpu:gpu_inst|sprite_eval:eval_inst|line_sprites[1][30], ;
;                                                            ;                           ; nml_gpu:gpu_inst|sprite_eval:eval_inst|line_sprites[2][30], ;
;                                                            ;                           ; nml_gpu:gpu_inst|sprite_eval:eval_inst|line_sprites[3][30], ;
;                                                            ;                           ; nml_gpu:gpu_inst|sprite_eval:eval_inst|line_sprites[4][30], ;
;                                                            ;                           ; nml_gpu:gpu_inst|sprite_eval:eval_inst|line_sprites[5][30], ;
;                                                            ;                           ; nml_gpu:gpu_inst|sprite_eval:eval_inst|line_sprites[6][30], ;
;                                                            ;                           ; nml_gpu:gpu_inst|sprite_eval:eval_inst|line_sprites[7][30], ;
;                                                            ;                           ; nml_gpu:gpu_inst|sprite_eval:eval_inst|top_sprites[1][30],  ;
;                                                            ;                           ; nml_gpu:gpu_inst|sprite_eval:eval_inst|top_sprites[2][30],  ;
;                                                            ;                           ; nml_gpu:gpu_inst|sprite_eval:eval_inst|top_sprites[3][30],  ;
;                                                            ;                           ; nml_gpu:gpu_inst|sprite_eval:eval_inst|top_sprites[4][30],  ;
;                                                            ;                           ; nml_gpu:gpu_inst|sprite_eval:eval_inst|top_sprites[5][30],  ;
;                                                            ;                           ; nml_gpu:gpu_inst|sprite_eval:eval_inst|top_sprites[6][30],  ;
;                                                            ;                           ; nml_gpu:gpu_inst|sprite_eval:eval_inst|top_sprites[7][30]   ;
; nml_gpu:gpu_inst|sprite_eval:eval_inst|top_sprites[0][29]  ; Stuck at GND              ; nml_gpu:gpu_inst|sprite_eval:eval_inst|line_sprites[0][29], ;
;                                                            ; due to stuck port data_in ; nml_gpu:gpu_inst|sprite_eval:eval_inst|line_sprites[1][29], ;
;                                                            ;                           ; nml_gpu:gpu_inst|sprite_eval:eval_inst|line_sprites[2][29], ;
;                                                            ;                           ; nml_gpu:gpu_inst|sprite_eval:eval_inst|line_sprites[3][29], ;
;                                                            ;                           ; nml_gpu:gpu_inst|sprite_eval:eval_inst|line_sprites[4][29], ;
;                                                            ;                           ; nml_gpu:gpu_inst|sprite_eval:eval_inst|line_sprites[5][29], ;
;                                                            ;                           ; nml_gpu:gpu_inst|sprite_eval:eval_inst|line_sprites[6][29], ;
;                                                            ;                           ; nml_gpu:gpu_inst|sprite_eval:eval_inst|line_sprites[7][29], ;
;                                                            ;                           ; nml_gpu:gpu_inst|sprite_eval:eval_inst|top_sprites[1][29],  ;
;                                                            ;                           ; nml_gpu:gpu_inst|sprite_eval:eval_inst|top_sprites[2][29],  ;
;                                                            ;                           ; nml_gpu:gpu_inst|sprite_eval:eval_inst|top_sprites[3][29],  ;
;                                                            ;                           ; nml_gpu:gpu_inst|sprite_eval:eval_inst|top_sprites[4][29],  ;
;                                                            ;                           ; nml_gpu:gpu_inst|sprite_eval:eval_inst|top_sprites[5][29],  ;
;                                                            ;                           ; nml_gpu:gpu_inst|sprite_eval:eval_inst|top_sprites[6][29],  ;
;                                                            ;                           ; nml_gpu:gpu_inst|sprite_eval:eval_inst|top_sprites[7][29]   ;
; nml_gpu:gpu_inst|sprite_eval:eval_inst|top_sprites[0][28]  ; Stuck at GND              ; nml_gpu:gpu_inst|sprite_eval:eval_inst|line_sprites[0][28], ;
;                                                            ; due to stuck port data_in ; nml_gpu:gpu_inst|sprite_eval:eval_inst|line_sprites[1][28], ;
;                                                            ;                           ; nml_gpu:gpu_inst|sprite_eval:eval_inst|line_sprites[2][28], ;
;                                                            ;                           ; nml_gpu:gpu_inst|sprite_eval:eval_inst|line_sprites[3][28], ;
;                                                            ;                           ; nml_gpu:gpu_inst|sprite_eval:eval_inst|line_sprites[4][28], ;
;                                                            ;                           ; nml_gpu:gpu_inst|sprite_eval:eval_inst|line_sprites[5][28], ;
;                                                            ;                           ; nml_gpu:gpu_inst|sprite_eval:eval_inst|line_sprites[6][28], ;
;                                                            ;                           ; nml_gpu:gpu_inst|sprite_eval:eval_inst|line_sprites[7][28], ;
;                                                            ;                           ; nml_gpu:gpu_inst|sprite_eval:eval_inst|top_sprites[1][28],  ;
;                                                            ;                           ; nml_gpu:gpu_inst|sprite_eval:eval_inst|top_sprites[2][28],  ;
;                                                            ;                           ; nml_gpu:gpu_inst|sprite_eval:eval_inst|top_sprites[3][28],  ;
;                                                            ;                           ; nml_gpu:gpu_inst|sprite_eval:eval_inst|top_sprites[4][28],  ;
;                                                            ;                           ; nml_gpu:gpu_inst|sprite_eval:eval_inst|top_sprites[5][28],  ;
;                                                            ;                           ; nml_gpu:gpu_inst|sprite_eval:eval_inst|top_sprites[6][28],  ;
;                                                            ;                           ; nml_gpu:gpu_inst|sprite_eval:eval_inst|top_sprites[7][28]   ;
; nml_gpu:gpu_inst|sprite_eval:eval_inst|top_sprites[0][27]  ; Stuck at GND              ; nml_gpu:gpu_inst|sprite_eval:eval_inst|line_sprites[0][27], ;
;                                                            ; due to stuck port data_in ; nml_gpu:gpu_inst|sprite_eval:eval_inst|line_sprites[1][27], ;
;                                                            ;                           ; nml_gpu:gpu_inst|sprite_eval:eval_inst|line_sprites[2][27], ;
;                                                            ;                           ; nml_gpu:gpu_inst|sprite_eval:eval_inst|line_sprites[3][27], ;
;                                                            ;                           ; nml_gpu:gpu_inst|sprite_eval:eval_inst|line_sprites[4][27], ;
;                                                            ;                           ; nml_gpu:gpu_inst|sprite_eval:eval_inst|line_sprites[5][27], ;
;                                                            ;                           ; nml_gpu:gpu_inst|sprite_eval:eval_inst|line_sprites[6][27], ;
;                                                            ;                           ; nml_gpu:gpu_inst|sprite_eval:eval_inst|line_sprites[7][27], ;
;                                                            ;                           ; nml_gpu:gpu_inst|sprite_eval:eval_inst|top_sprites[1][27],  ;
;                                                            ;                           ; nml_gpu:gpu_inst|sprite_eval:eval_inst|top_sprites[2][27],  ;
;                                                            ;                           ; nml_gpu:gpu_inst|sprite_eval:eval_inst|top_sprites[3][27],  ;
;                                                            ;                           ; nml_gpu:gpu_inst|sprite_eval:eval_inst|top_sprites[4][27],  ;
;                                                            ;                           ; nml_gpu:gpu_inst|sprite_eval:eval_inst|top_sprites[5][27],  ;
;                                                            ;                           ; nml_gpu:gpu_inst|sprite_eval:eval_inst|top_sprites[6][27],  ;
;                                                            ;                           ; nml_gpu:gpu_inst|sprite_eval:eval_inst|top_sprites[7][27]   ;
; nml_gpu:gpu_inst|sprite_eval:eval_inst|top_sprites[0][26]  ; Stuck at GND              ; nml_gpu:gpu_inst|sprite_eval:eval_inst|line_sprites[0][26], ;
;                                                            ; due to stuck port data_in ; nml_gpu:gpu_inst|sprite_eval:eval_inst|line_sprites[1][26], ;
;                                                            ;                           ; nml_gpu:gpu_inst|sprite_eval:eval_inst|line_sprites[2][26], ;
;                                                            ;                           ; nml_gpu:gpu_inst|sprite_eval:eval_inst|line_sprites[3][26], ;
;                                                            ;                           ; nml_gpu:gpu_inst|sprite_eval:eval_inst|line_sprites[4][26], ;
;                                                            ;                           ; nml_gpu:gpu_inst|sprite_eval:eval_inst|line_sprites[5][26], ;
;                                                            ;                           ; nml_gpu:gpu_inst|sprite_eval:eval_inst|line_sprites[6][26], ;
;                                                            ;                           ; nml_gpu:gpu_inst|sprite_eval:eval_inst|line_sprites[7][26], ;
;                                                            ;                           ; nml_gpu:gpu_inst|sprite_eval:eval_inst|top_sprites[1][26],  ;
;                                                            ;                           ; nml_gpu:gpu_inst|sprite_eval:eval_inst|top_sprites[2][26],  ;
;                                                            ;                           ; nml_gpu:gpu_inst|sprite_eval:eval_inst|top_sprites[3][26],  ;
;                                                            ;                           ; nml_gpu:gpu_inst|sprite_eval:eval_inst|top_sprites[4][26],  ;
;                                                            ;                           ; nml_gpu:gpu_inst|sprite_eval:eval_inst|top_sprites[5][26],  ;
;                                                            ;                           ; nml_gpu:gpu_inst|sprite_eval:eval_inst|top_sprites[6][26],  ;
;                                                            ;                           ; nml_gpu:gpu_inst|sprite_eval:eval_inst|top_sprites[7][26]   ;
; nml_gpu:gpu_inst|sprite_eval:eval_inst|top_sprites[0][25]  ; Stuck at GND              ; nml_gpu:gpu_inst|sprite_eval:eval_inst|line_sprites[0][25], ;
;                                                            ; due to stuck port data_in ; nml_gpu:gpu_inst|sprite_eval:eval_inst|line_sprites[1][25], ;
;                                                            ;                           ; nml_gpu:gpu_inst|sprite_eval:eval_inst|line_sprites[2][25], ;
;                                                            ;                           ; nml_gpu:gpu_inst|sprite_eval:eval_inst|line_sprites[3][25], ;
;                                                            ;                           ; nml_gpu:gpu_inst|sprite_eval:eval_inst|line_sprites[4][25], ;
;                                                            ;                           ; nml_gpu:gpu_inst|sprite_eval:eval_inst|line_sprites[5][25], ;
;                                                            ;                           ; nml_gpu:gpu_inst|sprite_eval:eval_inst|line_sprites[6][25], ;
;                                                            ;                           ; nml_gpu:gpu_inst|sprite_eval:eval_inst|line_sprites[7][25], ;
;                                                            ;                           ; nml_gpu:gpu_inst|sprite_eval:eval_inst|top_sprites[1][25],  ;
;                                                            ;                           ; nml_gpu:gpu_inst|sprite_eval:eval_inst|top_sprites[2][25],  ;
;                                                            ;                           ; nml_gpu:gpu_inst|sprite_eval:eval_inst|top_sprites[3][25],  ;
;                                                            ;                           ; nml_gpu:gpu_inst|sprite_eval:eval_inst|top_sprites[4][25],  ;
;                                                            ;                           ; nml_gpu:gpu_inst|sprite_eval:eval_inst|top_sprites[5][25],  ;
;                                                            ;                           ; nml_gpu:gpu_inst|sprite_eval:eval_inst|top_sprites[6][25],  ;
;                                                            ;                           ; nml_gpu:gpu_inst|sprite_eval:eval_inst|top_sprites[7][25]   ;
; nml_gpu:gpu_inst|sprite_eval:eval_inst|top_prios[0][2]     ; Stuck at GND              ; nml_gpu:gpu_inst|sprite_eval:eval_inst|top_prios[1][2],     ;
;                                                            ; due to stuck port data_in ; nml_gpu:gpu_inst|sprite_eval:eval_inst|line_sprites[1][0],  ;
;                                                            ;                           ; nml_gpu:gpu_inst|sprite_eval:eval_inst|top_prios[2][2],     ;
;                                                            ;                           ; nml_gpu:gpu_inst|sprite_eval:eval_inst|line_sprites[2][0],  ;
;                                                            ;                           ; nml_gpu:gpu_inst|sprite_eval:eval_inst|top_prios[3][2],     ;
;                                                            ;                           ; nml_gpu:gpu_inst|sprite_eval:eval_inst|line_sprites[3][0],  ;
;                                                            ;                           ; nml_gpu:gpu_inst|sprite_eval:eval_inst|top_prios[4][2],     ;
;                                                            ;                           ; nml_gpu:gpu_inst|sprite_eval:eval_inst|line_sprites[4][0],  ;
;                                                            ;                           ; nml_gpu:gpu_inst|sprite_eval:eval_inst|top_prios[5][2],     ;
;                                                            ;                           ; nml_gpu:gpu_inst|sprite_eval:eval_inst|line_sprites[5][0],  ;
;                                                            ;                           ; nml_gpu:gpu_inst|sprite_eval:eval_inst|top_prios[6][2],     ;
;                                                            ;                           ; nml_gpu:gpu_inst|sprite_eval:eval_inst|line_sprites[6][0],  ;
;                                                            ;                           ; nml_gpu:gpu_inst|sprite_eval:eval_inst|top_prios[7][2],     ;
;                                                            ;                           ; nml_gpu:gpu_inst|sprite_eval:eval_inst|line_sprites[7][0]   ;
; nml_gpu:gpu_inst|sprite_eval:eval_inst|top_sprites[0][34]  ; Stuck at GND              ; nml_gpu:gpu_inst|sprite_eval:eval_inst|line_sprites[0][34], ;
;                                                            ; due to stuck port data_in ; nml_gpu:gpu_inst|sprite_fetch:fetch_inst|sprrom_raddr[10]   ;
; nml_gpu:gpu_inst|sprite_eval:eval_inst|line_sprites[1][21] ; Lost Fanouts              ; nml_gpu:gpu_inst|sprite_eval:eval_inst|top_sprites[1][21]   ;
; nml_gpu:gpu_inst|sprite_eval:eval_inst|line_sprites[6][21] ; Lost Fanouts              ; nml_gpu:gpu_inst|sprite_eval:eval_inst|top_sprites[6][21]   ;
; nml_gpu:gpu_inst|sprite_eval:eval_inst|line_sprites[0][21] ; Lost Fanouts              ; nml_gpu:gpu_inst|sprite_eval:eval_inst|top_sprites[0][21]   ;
; nml_gpu:gpu_inst|sprite_eval:eval_inst|line_sprites[7][22] ; Lost Fanouts              ; nml_gpu:gpu_inst|sprite_eval:eval_inst|top_sprites[7][22]   ;
; nml_gpu:gpu_inst|sprite_eval:eval_inst|line_sprites[6][22] ; Lost Fanouts              ; nml_gpu:gpu_inst|sprite_eval:eval_inst|top_sprites[6][22]   ;
; nml_gpu:gpu_inst|sprite_eval:eval_inst|line_sprites[5][22] ; Lost Fanouts              ; nml_gpu:gpu_inst|sprite_eval:eval_inst|top_sprites[5][22]   ;
; nml_gpu:gpu_inst|sprite_eval:eval_inst|line_sprites[4][22] ; Lost Fanouts              ; nml_gpu:gpu_inst|sprite_eval:eval_inst|top_sprites[4][22]   ;
; nml_gpu:gpu_inst|sprite_eval:eval_inst|line_sprites[3][22] ; Lost Fanouts              ; nml_gpu:gpu_inst|sprite_eval:eval_inst|top_sprites[3][22]   ;
; nml_gpu:gpu_inst|sprite_eval:eval_inst|line_sprites[2][22] ; Lost Fanouts              ; nml_gpu:gpu_inst|sprite_eval:eval_inst|top_sprites[2][22]   ;
; nml_gpu:gpu_inst|sprite_eval:eval_inst|line_sprites[1][22] ; Lost Fanouts              ; nml_gpu:gpu_inst|sprite_eval:eval_inst|top_sprites[1][22]   ;
; nml_gpu:gpu_inst|sprite_eval:eval_inst|line_sprites[0][22] ; Lost Fanouts              ; nml_gpu:gpu_inst|sprite_eval:eval_inst|top_sprites[0][22]   ;
; nml_gpu:gpu_inst|sprite_eval:eval_inst|line_sprites[7][23] ; Lost Fanouts              ; nml_gpu:gpu_inst|sprite_eval:eval_inst|top_sprites[7][23]   ;
; nml_gpu:gpu_inst|sprite_eval:eval_inst|line_sprites[6][23] ; Lost Fanouts              ; nml_gpu:gpu_inst|sprite_eval:eval_inst|top_sprites[6][23]   ;
; nml_gpu:gpu_inst|sprite_eval:eval_inst|line_sprites[5][23] ; Lost Fanouts              ; nml_gpu:gpu_inst|sprite_eval:eval_inst|top_sprites[5][23]   ;
; nml_gpu:gpu_inst|sprite_eval:eval_inst|line_sprites[2][21] ; Lost Fanouts              ; nml_gpu:gpu_inst|sprite_eval:eval_inst|top_sprites[2][21]   ;
; nml_gpu:gpu_inst|sprite_eval:eval_inst|line_sprites[3][21] ; Lost Fanouts              ; nml_gpu:gpu_inst|sprite_eval:eval_inst|top_sprites[3][21]   ;
; nml_gpu:gpu_inst|sprite_eval:eval_inst|line_sprites[4][21] ; Lost Fanouts              ; nml_gpu:gpu_inst|sprite_eval:eval_inst|top_sprites[4][21]   ;
; nml_gpu:gpu_inst|sprite_eval:eval_inst|line_sprites[5][21] ; Lost Fanouts              ; nml_gpu:gpu_inst|sprite_eval:eval_inst|top_sprites[5][21]   ;
; nml_gpu:gpu_inst|sprite_eval:eval_inst|line_sprites[7][24] ; Lost Fanouts              ; nml_gpu:gpu_inst|sprite_eval:eval_inst|top_sprites[7][24]   ;
; nml_gpu:gpu_inst|sprite_eval:eval_inst|line_sprites[7][21] ; Lost Fanouts              ; nml_gpu:gpu_inst|sprite_eval:eval_inst|top_sprites[7][21]   ;
; nml_gpu:gpu_inst|sprite_eval:eval_inst|line_sprites[0][20] ; Lost Fanouts              ; nml_gpu:gpu_inst|sprite_eval:eval_inst|top_sprites[0][20]   ;
; nml_gpu:gpu_inst|sprite_eval:eval_inst|line_sprites[1][20] ; Lost Fanouts              ; nml_gpu:gpu_inst|sprite_eval:eval_inst|top_sprites[1][20]   ;
; nml_gpu:gpu_inst|sprite_eval:eval_inst|line_sprites[2][20] ; Lost Fanouts              ; nml_gpu:gpu_inst|sprite_eval:eval_inst|top_sprites[2][20]   ;
; nml_gpu:gpu_inst|sprite_eval:eval_inst|line_sprites[3][20] ; Lost Fanouts              ; nml_gpu:gpu_inst|sprite_eval:eval_inst|top_sprites[3][20]   ;
; nml_gpu:gpu_inst|sprite_eval:eval_inst|line_sprites[4][20] ; Lost Fanouts              ; nml_gpu:gpu_inst|sprite_eval:eval_inst|top_sprites[4][20]   ;
; nml_gpu:gpu_inst|sprite_eval:eval_inst|line_sprites[5][20] ; Lost Fanouts              ; nml_gpu:gpu_inst|sprite_eval:eval_inst|top_sprites[5][20]   ;
; nml_gpu:gpu_inst|sprite_eval:eval_inst|line_sprites[6][20] ; Lost Fanouts              ; nml_gpu:gpu_inst|sprite_eval:eval_inst|top_sprites[6][20]   ;
; nml_gpu:gpu_inst|sprite_eval:eval_inst|line_sprites[7][20] ; Lost Fanouts              ; nml_gpu:gpu_inst|sprite_eval:eval_inst|top_sprites[7][20]   ;
; nml_gpu:gpu_inst|sprite_eval:eval_inst|top_sprites[0][1]   ; Stuck at GND              ; nml_gpu:gpu_inst|sprite_eval:eval_inst|line_sprites[0][1]   ;
;                                                            ; due to stuck port data_in ;                                                             ;
; nml_gpu:gpu_inst|sprite_eval:eval_inst|top_sprites[0][37]  ; Stuck at GND              ; nml_gpu:gpu_inst|sprite_eval:eval_inst|line_sprites[0][37]  ;
;                                                            ; due to stuck port data_in ;                                                             ;
; nml_gpu:gpu_inst|sprite_eval:eval_inst|top_sprites[0][36]  ; Stuck at GND              ; nml_gpu:gpu_inst|sprite_eval:eval_inst|line_sprites[0][36]  ;
;                                                            ; due to stuck port data_in ;                                                             ;
; nml_gpu:gpu_inst|sprite_eval:eval_inst|top_sprites[0][35]  ; Stuck at GND              ; nml_gpu:gpu_inst|sprite_eval:eval_inst|line_sprites[0][35]  ;
;                                                            ; due to stuck port data_in ;                                                             ;
; nml_gpu:gpu_inst|sprite_eval:eval_inst|top_sprites[0][17]  ; Stuck at GND              ; nml_gpu:gpu_inst|sprite_eval:eval_inst|line_sprites[0][17]  ;
;                                                            ; due to stuck port data_in ;                                                             ;
; nml_gpu:gpu_inst|sprite_eval:eval_inst|top_sprites[0][16]  ; Stuck at GND              ; nml_gpu:gpu_inst|sprite_eval:eval_inst|line_sprites[0][16]  ;
;                                                            ; due to stuck port data_in ;                                                             ;
; nml_gpu:gpu_inst|sprite_eval:eval_inst|top_sprites[0][15]  ; Stuck at GND              ; nml_gpu:gpu_inst|sprite_eval:eval_inst|line_sprites[0][15]  ;
;                                                            ; due to stuck port data_in ;                                                             ;
; nml_gpu:gpu_inst|sprite_eval:eval_inst|top_sprites[0][14]  ; Stuck at GND              ; nml_gpu:gpu_inst|sprite_eval:eval_inst|line_sprites[0][14]  ;
;                                                            ; due to stuck port data_in ;                                                             ;
; nml_gpu:gpu_inst|sprite_eval:eval_inst|top_sprites[0][13]  ; Stuck at GND              ; nml_gpu:gpu_inst|sprite_eval:eval_inst|line_sprites[0][13]  ;
;                                                            ; due to stuck port data_in ;                                                             ;
; nml_gpu:gpu_inst|sprite_eval:eval_inst|top_sprites[0][12]  ; Stuck at GND              ; nml_gpu:gpu_inst|sprite_eval:eval_inst|line_sprites[0][12]  ;
;                                                            ; due to stuck port data_in ;                                                             ;
; nml_gpu:gpu_inst|sprite_eval:eval_inst|top_sprites[0][11]  ; Stuck at GND              ; nml_gpu:gpu_inst|sprite_eval:eval_inst|line_sprites[0][11]  ;
;                                                            ; due to stuck port data_in ;                                                             ;
; nml_gpu:gpu_inst|sprite_eval:eval_inst|top_sprites[0][10]  ; Stuck at GND              ; nml_gpu:gpu_inst|sprite_eval:eval_inst|line_sprites[0][10]  ;
;                                                            ; due to stuck port data_in ;                                                             ;
; nml_gpu:gpu_inst|sprite_eval:eval_inst|top_sprites[0][9]   ; Stuck at GND              ; nml_gpu:gpu_inst|sprite_eval:eval_inst|line_sprites[0][9]   ;
;                                                            ; due to stuck port data_in ;                                                             ;
; nml_gpu:gpu_inst|sprite_eval:eval_inst|top_sprites[0][2]   ; Stuck at GND              ; nml_gpu:gpu_inst|sprite_eval:eval_inst|line_sprites[0][2]   ;
;                                                            ; due to stuck port data_in ;                                                             ;
; nml_gpu:gpu_inst|sprite_eval:eval_inst|line_sprites[4][23] ; Lost Fanouts              ; nml_gpu:gpu_inst|sprite_eval:eval_inst|top_sprites[4][23]   ;
; nml_gpu:gpu_inst|sprite_eval:eval_inst|top_sprites[0][0]   ; Stuck at GND              ; nml_gpu:gpu_inst|sprite_eval:eval_inst|line_sprites[0][0]   ;
;                                                            ; due to stuck port data_in ;                                                             ;
; nml_gpu:gpu_inst|sprite_eval:eval_inst|line_sprites[0][24] ; Lost Fanouts              ; nml_gpu:gpu_inst|sprite_eval:eval_inst|top_sprites[0][24]   ;
; nml_gpu:gpu_inst|sprite_eval:eval_inst|line_sprites[1][24] ; Lost Fanouts              ; nml_gpu:gpu_inst|sprite_eval:eval_inst|top_sprites[1][24]   ;
; nml_gpu:gpu_inst|sprite_eval:eval_inst|line_sprites[2][24] ; Lost Fanouts              ; nml_gpu:gpu_inst|sprite_eval:eval_inst|top_sprites[2][24]   ;
; nml_gpu:gpu_inst|sprite_eval:eval_inst|line_sprites[3][24] ; Lost Fanouts              ; nml_gpu:gpu_inst|sprite_eval:eval_inst|top_sprites[3][24]   ;
; nml_gpu:gpu_inst|sprite_eval:eval_inst|line_sprites[4][24] ; Lost Fanouts              ; nml_gpu:gpu_inst|sprite_eval:eval_inst|top_sprites[4][24]   ;
; nml_gpu:gpu_inst|sprite_eval:eval_inst|line_sprites[5][24] ; Lost Fanouts              ; nml_gpu:gpu_inst|sprite_eval:eval_inst|top_sprites[5][24]   ;
; nml_gpu:gpu_inst|sprite_eval:eval_inst|line_sprites[6][24] ; Lost Fanouts              ; nml_gpu:gpu_inst|sprite_eval:eval_inst|top_sprites[6][24]   ;
; nml_gpu:gpu_inst|sprite_eval:eval_inst|top_sprites[0][42]  ; Stuck at GND              ; nml_gpu:gpu_inst|sprite_eval:eval_inst|line_sprites[0][42]  ;
;                                                            ; due to stuck port data_in ;                                                             ;
; nml_gpu:gpu_inst|sprite_eval:eval_inst|line_sprites[0][23] ; Lost Fanouts              ; nml_gpu:gpu_inst|sprite_eval:eval_inst|top_sprites[0][23]   ;
; nml_gpu:gpu_inst|sprite_eval:eval_inst|line_sprites[1][23] ; Lost Fanouts              ; nml_gpu:gpu_inst|sprite_eval:eval_inst|top_sprites[1][23]   ;
; nml_gpu:gpu_inst|sprite_eval:eval_inst|line_sprites[2][23] ; Lost Fanouts              ; nml_gpu:gpu_inst|sprite_eval:eval_inst|top_sprites[2][23]   ;
; nml_gpu:gpu_inst|sprite_eval:eval_inst|line_sprites[3][23] ; Lost Fanouts              ; nml_gpu:gpu_inst|sprite_eval:eval_inst|top_sprites[3][23]   ;
+------------------------------------------------------------+---------------------------+-------------------------------------------------------------+


+------------------------------------------------------+
; General Register Statistics                          ;
+----------------------------------------------+-------+
; Statistic                                    ; Value ;
+----------------------------------------------+-------+
; Total registers                              ; 345   ;
; Number of registers using Synchronous Clear  ; 48    ;
; Number of registers using Synchronous Load   ; 66    ;
; Number of registers using Asynchronous Clear ; 173   ;
; Number of registers using Asynchronous Load  ; 0     ;
; Number of registers using Clock Enable       ; 217   ;
; Number of registers using Preset             ; 0     ;
+----------------------------------------------+-------+


+------------------------------------------------------------------+
; Inverted Register Statistics                                     ;
+--------------------------------------------------------+---------+
; Inverted Register                                      ; Fan out ;
+--------------------------------------------------------+---------+
; nml_gpu:gpu_inst|sprite_fetch:fetch_inst|sprite_idx[2] ; 17      ;
; nml_gpu:gpu_inst|sprite_fetch:fetch_inst|sprite_idx[0] ; 20      ;
; nml_gpu:gpu_inst|sprite_fetch:fetch_inst|sprite_idx[1] ; 19      ;
; Total number of inverted registers = 3                 ;         ;
+--------------------------------------------------------+---------+


+-----------------------------------------------------------------------------------+
; Registers Packed Into Inferred Megafunctions                                      ;
+---------------------------------------+------------------------------------+------+
; Register Name                         ; Megafunction                       ; Type ;
+---------------------------------------+------------------------------------+------+
; nml_gpu:gpu_inst|palette_rdata[0..23] ; nml_gpu:gpu_inst|palette_ram_rtl_0 ; RAM  ;
; nml_gpu:gpu_inst|tilemap_rdata[0..5]  ; nml_gpu:gpu_inst|tilemap_ram_rtl_0 ; RAM  ;
; nml_gpu:gpu_inst|sprrom_rdata[0..7]   ; nml_gpu:gpu_inst|sprite_rom_rtl_0  ; RAM  ;
; nml_gpu:gpu_inst|tilerom_rdata[0..7]  ; nml_gpu:gpu_inst|tile_rom_rtl_0    ; RAM  ;
+---------------------------------------+------------------------------------+------+


+--------------------------------------------------------------------------------+
; Registers Added for RAM Pass-Through Logic                                     ;
+---------------------------------------------+----------------------------------+
; Register Name                               ; RAM Name                         ;
+---------------------------------------------+----------------------------------+
; nml_gpu:gpu_inst|linebuf_A_rtl_0_bypass[0]  ; nml_gpu:gpu_inst|linebuf_A_rtl_0 ;
; nml_gpu:gpu_inst|linebuf_A_rtl_0_bypass[1]  ; nml_gpu:gpu_inst|linebuf_A_rtl_0 ;
; nml_gpu:gpu_inst|linebuf_A_rtl_0_bypass[2]  ; nml_gpu:gpu_inst|linebuf_A_rtl_0 ;
; nml_gpu:gpu_inst|linebuf_A_rtl_0_bypass[3]  ; nml_gpu:gpu_inst|linebuf_A_rtl_0 ;
; nml_gpu:gpu_inst|linebuf_A_rtl_0_bypass[4]  ; nml_gpu:gpu_inst|linebuf_A_rtl_0 ;
; nml_gpu:gpu_inst|linebuf_A_rtl_0_bypass[5]  ; nml_gpu:gpu_inst|linebuf_A_rtl_0 ;
; nml_gpu:gpu_inst|linebuf_A_rtl_0_bypass[6]  ; nml_gpu:gpu_inst|linebuf_A_rtl_0 ;
; nml_gpu:gpu_inst|linebuf_A_rtl_0_bypass[7]  ; nml_gpu:gpu_inst|linebuf_A_rtl_0 ;
; nml_gpu:gpu_inst|linebuf_A_rtl_0_bypass[8]  ; nml_gpu:gpu_inst|linebuf_A_rtl_0 ;
; nml_gpu:gpu_inst|linebuf_A_rtl_0_bypass[9]  ; nml_gpu:gpu_inst|linebuf_A_rtl_0 ;
; nml_gpu:gpu_inst|linebuf_A_rtl_0_bypass[10] ; nml_gpu:gpu_inst|linebuf_A_rtl_0 ;
; nml_gpu:gpu_inst|linebuf_A_rtl_0_bypass[11] ; nml_gpu:gpu_inst|linebuf_A_rtl_0 ;
; nml_gpu:gpu_inst|linebuf_A_rtl_0_bypass[12] ; nml_gpu:gpu_inst|linebuf_A_rtl_0 ;
; nml_gpu:gpu_inst|linebuf_A_rtl_0_bypass[13] ; nml_gpu:gpu_inst|linebuf_A_rtl_0 ;
; nml_gpu:gpu_inst|linebuf_A_rtl_0_bypass[14] ; nml_gpu:gpu_inst|linebuf_A_rtl_0 ;
; nml_gpu:gpu_inst|linebuf_A_rtl_0_bypass[15] ; nml_gpu:gpu_inst|linebuf_A_rtl_0 ;
; nml_gpu:gpu_inst|linebuf_A_rtl_0_bypass[16] ; nml_gpu:gpu_inst|linebuf_A_rtl_0 ;
; nml_gpu:gpu_inst|linebuf_A_rtl_0_bypass[17] ; nml_gpu:gpu_inst|linebuf_A_rtl_0 ;
; nml_gpu:gpu_inst|linebuf_A_rtl_0_bypass[18] ; nml_gpu:gpu_inst|linebuf_A_rtl_0 ;
; nml_gpu:gpu_inst|linebuf_A_rtl_0_bypass[19] ; nml_gpu:gpu_inst|linebuf_A_rtl_0 ;
; nml_gpu:gpu_inst|linebuf_A_rtl_0_bypass[20] ; nml_gpu:gpu_inst|linebuf_A_rtl_0 ;
; nml_gpu:gpu_inst|linebuf_A_rtl_0_bypass[21] ; nml_gpu:gpu_inst|linebuf_A_rtl_0 ;
; nml_gpu:gpu_inst|linebuf_A_rtl_0_bypass[22] ; nml_gpu:gpu_inst|linebuf_A_rtl_0 ;
; nml_gpu:gpu_inst|linebuf_A_rtl_0_bypass[23] ; nml_gpu:gpu_inst|linebuf_A_rtl_0 ;
; nml_gpu:gpu_inst|linebuf_A_rtl_0_bypass[24] ; nml_gpu:gpu_inst|linebuf_A_rtl_0 ;
; nml_gpu:gpu_inst|linebuf_A_rtl_0_bypass[25] ; nml_gpu:gpu_inst|linebuf_A_rtl_0 ;
; nml_gpu:gpu_inst|linebuf_A_rtl_0_bypass[26] ; nml_gpu:gpu_inst|linebuf_A_rtl_0 ;
; nml_gpu:gpu_inst|linebuf_A_rtl_0_bypass[27] ; nml_gpu:gpu_inst|linebuf_A_rtl_0 ;
; nml_gpu:gpu_inst|linebuf_A_rtl_0_bypass[28] ; nml_gpu:gpu_inst|linebuf_A_rtl_0 ;
; nml_gpu:gpu_inst|linebuf_B_rtl_0_bypass[0]  ; nml_gpu:gpu_inst|linebuf_B_rtl_0 ;
; nml_gpu:gpu_inst|linebuf_B_rtl_0_bypass[1]  ; nml_gpu:gpu_inst|linebuf_B_rtl_0 ;
; nml_gpu:gpu_inst|linebuf_B_rtl_0_bypass[2]  ; nml_gpu:gpu_inst|linebuf_B_rtl_0 ;
; nml_gpu:gpu_inst|linebuf_B_rtl_0_bypass[3]  ; nml_gpu:gpu_inst|linebuf_B_rtl_0 ;
; nml_gpu:gpu_inst|linebuf_B_rtl_0_bypass[4]  ; nml_gpu:gpu_inst|linebuf_B_rtl_0 ;
; nml_gpu:gpu_inst|linebuf_B_rtl_0_bypass[5]  ; nml_gpu:gpu_inst|linebuf_B_rtl_0 ;
; nml_gpu:gpu_inst|linebuf_B_rtl_0_bypass[6]  ; nml_gpu:gpu_inst|linebuf_B_rtl_0 ;
; nml_gpu:gpu_inst|linebuf_B_rtl_0_bypass[7]  ; nml_gpu:gpu_inst|linebuf_B_rtl_0 ;
; nml_gpu:gpu_inst|linebuf_B_rtl_0_bypass[8]  ; nml_gpu:gpu_inst|linebuf_B_rtl_0 ;
; nml_gpu:gpu_inst|linebuf_B_rtl_0_bypass[9]  ; nml_gpu:gpu_inst|linebuf_B_rtl_0 ;
; nml_gpu:gpu_inst|linebuf_B_rtl_0_bypass[10] ; nml_gpu:gpu_inst|linebuf_B_rtl_0 ;
; nml_gpu:gpu_inst|linebuf_B_rtl_0_bypass[11] ; nml_gpu:gpu_inst|linebuf_B_rtl_0 ;
; nml_gpu:gpu_inst|linebuf_B_rtl_0_bypass[12] ; nml_gpu:gpu_inst|linebuf_B_rtl_0 ;
; nml_gpu:gpu_inst|linebuf_B_rtl_0_bypass[13] ; nml_gpu:gpu_inst|linebuf_B_rtl_0 ;
; nml_gpu:gpu_inst|linebuf_B_rtl_0_bypass[14] ; nml_gpu:gpu_inst|linebuf_B_rtl_0 ;
; nml_gpu:gpu_inst|linebuf_B_rtl_0_bypass[15] ; nml_gpu:gpu_inst|linebuf_B_rtl_0 ;
; nml_gpu:gpu_inst|linebuf_B_rtl_0_bypass[16] ; nml_gpu:gpu_inst|linebuf_B_rtl_0 ;
; nml_gpu:gpu_inst|linebuf_B_rtl_0_bypass[17] ; nml_gpu:gpu_inst|linebuf_B_rtl_0 ;
; nml_gpu:gpu_inst|linebuf_B_rtl_0_bypass[18] ; nml_gpu:gpu_inst|linebuf_B_rtl_0 ;
; nml_gpu:gpu_inst|linebuf_B_rtl_0_bypass[19] ; nml_gpu:gpu_inst|linebuf_B_rtl_0 ;
; nml_gpu:gpu_inst|linebuf_B_rtl_0_bypass[20] ; nml_gpu:gpu_inst|linebuf_B_rtl_0 ;
; nml_gpu:gpu_inst|linebuf_B_rtl_0_bypass[21] ; nml_gpu:gpu_inst|linebuf_B_rtl_0 ;
; nml_gpu:gpu_inst|linebuf_B_rtl_0_bypass[22] ; nml_gpu:gpu_inst|linebuf_B_rtl_0 ;
; nml_gpu:gpu_inst|linebuf_B_rtl_0_bypass[23] ; nml_gpu:gpu_inst|linebuf_B_rtl_0 ;
; nml_gpu:gpu_inst|linebuf_B_rtl_0_bypass[24] ; nml_gpu:gpu_inst|linebuf_B_rtl_0 ;
; nml_gpu:gpu_inst|linebuf_B_rtl_0_bypass[25] ; nml_gpu:gpu_inst|linebuf_B_rtl_0 ;
; nml_gpu:gpu_inst|linebuf_B_rtl_0_bypass[26] ; nml_gpu:gpu_inst|linebuf_B_rtl_0 ;
; nml_gpu:gpu_inst|linebuf_B_rtl_0_bypass[27] ; nml_gpu:gpu_inst|linebuf_B_rtl_0 ;
; nml_gpu:gpu_inst|linebuf_B_rtl_0_bypass[28] ; nml_gpu:gpu_inst|linebuf_B_rtl_0 ;
+---------------------------------------------+----------------------------------+


+---------------------------------------------------------------------------------------------------------------------------------------------------------------------------------------+
; Multiplexer Restructuring Statistics (Restructuring Performed)                                                                                                                        ;
+--------------------+-----------+---------------+----------------------+------------------------+------------+-------------------------------------------------------------------------+
; Multiplexer Inputs ; Bus Width ; Baseline Area ; Area if Restructured ; Saving if Restructured ; Registered ; Example Multiplexer Output                                              ;
+--------------------+-----------+---------------+----------------------+------------------------+------------+-------------------------------------------------------------------------+
; 3:1                ; 8 bits    ; 16 LEs        ; 0 LEs                ; 16 LEs                 ; Yes        ; |de1soc_top|nml_gpu:gpu_inst|sprite_eval:eval_inst|top_sprites[2][5]    ;
; 4:1                ; 8 bits    ; 16 LEs        ; 0 LEs                ; 16 LEs                 ; Yes        ; |de1soc_top|nml_gpu:gpu_inst|sprite_eval:eval_inst|top_prios[1][0]      ;
; 4:1                ; 8 bits    ; 16 LEs        ; 0 LEs                ; 16 LEs                 ; Yes        ; |de1soc_top|nml_gpu:gpu_inst|sprite_eval:eval_inst|top_prios[3][0]      ;
; 4:1                ; 6 bits    ; 12 LEs        ; 6 LEs                ; 6 LEs                  ; Yes        ; |de1soc_top|nml_gpu:gpu_inst|sprite_eval:eval_inst|sprite_idx[0]        ;
; 4:1                ; 5 bits    ; 10 LEs        ; 5 LEs                ; 5 LEs                  ; Yes        ; |de1soc_top|nml_gpu:gpu_inst|sprite_fetch:fetch_inst|pixel_u[3]         ;
; 4:1                ; 10 bits   ; 20 LEs        ; 0 LEs                ; 20 LEs                 ; Yes        ; |de1soc_top|nml_gpu:gpu_inst|sprite_fetch:fetch_inst|linebuf_waddr[1]   ;
; 5:1                ; 8 bits    ; 24 LEs        ; 0 LEs                ; 24 LEs                 ; Yes        ; |de1soc_top|nml_gpu:gpu_inst|sprite_eval:eval_inst|top_sprites[4][33]   ;
; 5:1                ; 10 bits   ; 30 LEs        ; 0 LEs                ; 30 LEs                 ; Yes        ; |de1soc_top|nml_gpu:gpu_inst|sprite_fetch:fetch_inst|clear_idx[9]       ;
; 6:1                ; 8 bits    ; 32 LEs        ; 32 LEs               ; 0 LEs                  ; Yes        ; |de1soc_top|nml_gpu:gpu_inst|compositor:comp_inst|sprite_pixel_delay[3] ;
; 6:1                ; 8 bits    ; 32 LEs        ; 0 LEs                ; 32 LEs                 ; Yes        ; |de1soc_top|nml_gpu:gpu_inst|sprite_eval:eval_inst|top_sprites[5][8]    ;
; 7:1                ; 8 bits    ; 32 LEs        ; 0 LEs                ; 32 LEs                 ; Yes        ; |de1soc_top|nml_gpu:gpu_inst|sprite_eval:eval_inst|top_prios[6][0]      ;
; 8:1                ; 8 bits    ; 40 LEs        ; 0 LEs                ; 40 LEs                 ; Yes        ; |de1soc_top|nml_gpu:gpu_inst|sprite_eval:eval_inst|top_sprites[7][33]   ;
; 7:1                ; 3 bits    ; 12 LEs        ; 3 LEs                ; 9 LEs                  ; Yes        ; |de1soc_top|nml_gpu:gpu_inst|sprite_fetch:fetch_inst|sprite_idx[0]      ;
; 8:1                ; 8 bits    ; 40 LEs        ; 40 LEs               ; 0 LEs                  ; No         ; |de1soc_top|nml_gpu:gpu_inst|sprite_fetch:fetch_inst|Mux19              ;
; 8:1                ; 2 bits    ; 10 LEs        ; 6 LEs                ; 4 LEs                  ; No         ; |de1soc_top|nml_gpu:gpu_inst|sprite_fetch:fetch_inst|Selector0          ;
; 9:1                ; 2 bits    ; 12 LEs        ; 8 LEs                ; 4 LEs                  ; No         ; |de1soc_top|nml_gpu:gpu_inst|sprite_fetch:fetch_inst|Selector4          ;
+--------------------+-----------+---------------+----------------------+------------------------+------------+-------------------------------------------------------------------------+


+-----------------------------------------------------------------------------------------------------+
; Source assignments for nml_gpu:gpu_inst|altsyncram:palette_ram_rtl_0|altsyncram_m9d1:auto_generated ;
+---------------------------------+--------------------+------+---------------------------------------+
; Assignment                      ; Value              ; From ; To                                    ;
+---------------------------------+--------------------+------+---------------------------------------+
; OPTIMIZE_POWER_DURING_SYNTHESIS ; NORMAL_COMPILATION ; -    ; -                                     ;
+---------------------------------+--------------------+------+---------------------------------------+


+-----------------------------------------------------------------------------------------------------+
; Source assignments for nml_gpu:gpu_inst|altsyncram:tilemap_ram_rtl_0|altsyncram_s4i1:auto_generated ;
+---------------------------------+--------------------+------+---------------------------------------+
; Assignment                      ; Value              ; From ; To                                    ;
+---------------------------------+--------------------+------+---------------------------------------+
; OPTIMIZE_POWER_DURING_SYNTHESIS ; NORMAL_COMPILATION ; -    ; -                                     ;
+---------------------------------+--------------------+------+---------------------------------------+


+----------------------------------------------------------------------------------------------------+
; Source assignments for nml_gpu:gpu_inst|altsyncram:sprite_rom_rtl_0|altsyncram_scd1:auto_generated ;
+---------------------------------+--------------------+------+--------------------------------------+
; Assignment                      ; Value              ; From ; To                                   ;
+---------------------------------+--------------------+------+--------------------------------------+
; OPTIMIZE_POWER_DURING_SYNTHESIS ; NORMAL_COMPILATION ; -    ; -                                    ;
+---------------------------------+--------------------+------+--------------------------------------+


+--------------------------------------------------------------------------------------------------+
; Source assignments for nml_gpu:gpu_inst|altsyncram:tile_rom_rtl_0|altsyncram_8bd1:auto_generated ;
+---------------------------------+--------------------+------+------------------------------------+
; Assignment                      ; Value              ; From ; To                                 ;
+---------------------------------+--------------------+------+------------------------------------+
; OPTIMIZE_POWER_DURING_SYNTHESIS ; NORMAL_COMPILATION ; -    ; -                                  ;
+---------------------------------+--------------------+------+------------------------------------+


+---------------------------------------------------------------------------------------------------+
; Source assignments for nml_gpu:gpu_inst|altsyncram:linebuf_A_rtl_0|altsyncram_emi1:auto_generated ;
+---------------------------------+--------------------+------+-------------------------------------+
; Assignment                      ; Value              ; From ; To                                  ;
+---------------------------------+--------------------+------+-------------------------------------+
; OPTIMIZE_POWER_DURING_SYNTHESIS ; NORMAL_COMPILATION ; -    ; -                                   ;
+---------------------------------+--------------------+------+-------------------------------------+


+---------------------------------------------------------------------------------------------------+
; Source assignments for nml_gpu:gpu_inst|altsyncram:linebuf_B_rtl_0|altsyncram_emi1:auto_generated ;
+---------------------------------+--------------------+------+-------------------------------------+
; Assignment                      ; Value              ; From ; To                                  ;
+---------------------------------+--------------------+------+-------------------------------------+
; OPTIMIZE_POWER_DURING_SYNTHESIS ; NORMAL_COMPILATION ; -    ; -                                   ;
+---------------------------------+--------------------+------+-------------------------------------+


+------------------------------------------------------------------------------------------------+
; Parameter Settings for Inferred Entity Instance: nml_gpu:gpu_inst|altsyncram:palette_ram_rtl_0 ;
+------------------------------------+------------------------------------------+----------------+
; Parameter Name                     ; Value                                    ; Type           ;
+------------------------------------+------------------------------------------+----------------+
; BYTE_SIZE_BLOCK                    ; 8                                        ; Untyped        ;
; AUTO_CARRY_CHAINS                  ; ON                                       ; AUTO_CARRY     ;
; IGNORE_CARRY_BUFFERS               ; OFF                                      ; IGNORE_CARRY   ;
; AUTO_CASCADE_CHAINS                ; ON                                       ; AUTO_CASCADE   ;
; IGNORE_CASCADE_BUFFERS             ; OFF                                      ; IGNORE_CASCADE ;
; WIDTH_BYTEENA                      ; 1                                        ; Untyped        ;
; OPERATION_MODE                     ; ROM                                      ; Untyped        ;
; WIDTH_A                            ; 24                                       ; Untyped        ;
; WIDTHAD_A                          ; 8                                        ; Untyped        ;
; NUMWORDS_A                         ; 256                                      ; Untyped        ;
; OUTDATA_REG_A                      ; UNREGISTERED                             ; Untyped        ;
; ADDRESS_ACLR_A                     ; NONE                                     ; Untyped        ;
; OUTDATA_ACLR_A                     ; NONE                                     ; Untyped        ;
; WRCONTROL_ACLR_A                   ; NONE                                     ; Untyped        ;
; INDATA_ACLR_A                      ; NONE                                     ; Untyped        ;
; BYTEENA_ACLR_A                     ; NONE                                     ; Untyped        ;
; WIDTH_B                            ; 1                                        ; Untyped        ;
; WIDTHAD_B                          ; 1                                        ; Untyped        ;
; NUMWORDS_B                         ; 1                                        ; Untyped        ;
; INDATA_REG_B                       ; CLOCK1                                   ; Untyped        ;
; WRCONTROL_WRADDRESS_REG_B          ; CLOCK1                                   ; Untyped        ;
; RDCONTROL_REG_B                    ; CLOCK1                                   ; Untyped        ;
; ADDRESS_REG_B                      ; CLOCK1                                   ; Untyped        ;
; OUTDATA_REG_B                      ; UNREGISTERED                             ; Untyped        ;
; BYTEENA_REG_B                      ; CLOCK1                                   ; Untyped        ;
; INDATA_ACLR_B                      ; NONE                                     ; Untyped        ;
; WRCONTROL_ACLR_B                   ; NONE                                     ; Untyped        ;
; ADDRESS_ACLR_B                     ; NONE                                     ; Untyped        ;
; OUTDATA_ACLR_B                     ; NONE                                     ; Untyped        ;
; RDCONTROL_ACLR_B                   ; NONE                                     ; Untyped        ;
; BYTEENA_ACLR_B                     ; NONE                                     ; Untyped        ;
; WIDTH_BYTEENA_A                    ; 1                                        ; Untyped        ;
; WIDTH_BYTEENA_B                    ; 1                                        ; Untyped        ;
; RAM_BLOCK_TYPE                     ; AUTO                                     ; Untyped        ;
; BYTE_SIZE                          ; 8                                        ; Untyped        ;
; READ_DURING_WRITE_MODE_MIXED_PORTS ; DONT_CARE                                ; Untyped        ;
; READ_DURING_WRITE_MODE_PORT_A      ; NEW_DATA_NO_NBE_READ                     ; Untyped        ;
; READ_DURING_WRITE_MODE_PORT_B      ; NEW_DATA_NO_NBE_READ                     ; Untyped        ;
; INIT_FILE                          ; db/nml_gpu.ram2_nml_gpu_8bdb52ad.hdl.mif ; Untyped        ;
; INIT_FILE_LAYOUT                   ; PORT_A                                   ; Untyped        ;
; MAXIMUM_DEPTH                      ; 0                                        ; Untyped        ;
; CLOCK_ENABLE_INPUT_A               ; NORMAL                                   ; Untyped        ;
; CLOCK_ENABLE_INPUT_B               ; NORMAL                                   ; Untyped        ;
; CLOCK_ENABLE_OUTPUT_A              ; NORMAL                                   ; Untyped        ;
; CLOCK_ENABLE_OUTPUT_B              ; NORMAL                                   ; Untyped        ;
; CLOCK_ENABLE_CORE_A                ; USE_INPUT_CLKEN                          ; Untyped        ;
; CLOCK_ENABLE_CORE_B                ; USE_INPUT_CLKEN                          ; Untyped        ;
; ENABLE_ECC                         ; FALSE                                    ; Untyped        ;
; ECC_PIPELINE_STAGE_ENABLED         ; FALSE                                    ; Untyped        ;
; WIDTH_ECCSTATUS                    ; 3                                        ; Untyped        ;
; DEVICE_FAMILY                      ; Cyclone V                                ; Untyped        ;
; CBXI_PARAMETER                     ; altsyncram_m9d1                          ; Untyped        ;
+------------------------------------+------------------------------------------+----------------+
Note: In order to hide this table in the UI and the text report file, please set the "Show Parameter Settings in Synthesis Report" option in "Analysis and Synthesis Settings -> More Settings" to "Off".


+------------------------------------------------------------------------------------------------+
; Parameter Settings for Inferred Entity Instance: nml_gpu:gpu_inst|altsyncram:tilemap_ram_rtl_0 ;
+------------------------------------+----------------------+------------------------------------+
; Parameter Name                     ; Value                ; Type                               ;
+------------------------------------+----------------------+------------------------------------+
; BYTE_SIZE_BLOCK                    ; 8                    ; Untyped                            ;
; AUTO_CARRY_CHAINS                  ; ON                   ; AUTO_CARRY                         ;
; IGNORE_CARRY_BUFFERS               ; OFF                  ; IGNORE_CARRY                       ;
; AUTO_CASCADE_CHAINS                ; ON                   ; AUTO_CASCADE                       ;
; IGNORE_CASCADE_BUFFERS             ; OFF                  ; IGNORE_CASCADE                     ;
; WIDTH_BYTEENA                      ; 1                    ; Untyped                            ;
; OPERATION_MODE                     ; DUAL_PORT            ; Untyped                            ;
; WIDTH_A                            ; 8                    ; Untyped                            ;
; WIDTHAD_A                          ; 13                   ; Untyped                            ;
; NUMWORDS_A                         ; 4800                 ; Untyped                            ;
; OUTDATA_REG_A                      ; UNREGISTERED         ; Untyped                            ;
; ADDRESS_ACLR_A                     ; NONE                 ; Untyped                            ;
; OUTDATA_ACLR_A                     ; NONE                 ; Untyped                            ;
; WRCONTROL_ACLR_A                   ; NONE                 ; Untyped                            ;
; INDATA_ACLR_A                      ; NONE                 ; Untyped                            ;
; BYTEENA_ACLR_A                     ; NONE                 ; Untyped                            ;
; WIDTH_B                            ; 8                    ; Untyped                            ;
; WIDTHAD_B                          ; 13                   ; Untyped                            ;
; NUMWORDS_B                         ; 4800                 ; Untyped                            ;
; INDATA_REG_B                       ; CLOCK1               ; Untyped                            ;
; WRCONTROL_WRADDRESS_REG_B          ; CLOCK1               ; Untyped                            ;
; RDCONTROL_REG_B                    ; CLOCK1               ; Untyped                            ;
; ADDRESS_REG_B                      ; CLOCK0               ; Untyped                            ;
; OUTDATA_REG_B                      ; UNREGISTERED         ; Untyped                            ;
; BYTEENA_REG_B                      ; CLOCK1               ; Untyped                            ;
; INDATA_ACLR_B                      ; NONE                 ; Untyped                            ;
; WRCONTROL_ACLR_B                   ; NONE                 ; Untyped                            ;
; ADDRESS_ACLR_B                     ; NONE                 ; Untyped                            ;
; OUTDATA_ACLR_B                     ; NONE                 ; Untyped                            ;
; RDCONTROL_ACLR_B                   ; NONE                 ; Untyped                            ;
; BYTEENA_ACLR_B                     ; NONE                 ; Untyped                            ;
; WIDTH_BYTEENA_A                    ; 1                    ; Untyped                            ;
; WIDTH_BYTEENA_B                    ; 1                    ; Untyped                            ;
; RAM_BLOCK_TYPE                     ; AUTO                 ; Untyped                            ;
; BYTE_SIZE                          ; 8                    ; Untyped                            ;
; READ_DURING_WRITE_MODE_MIXED_PORTS ; DONT_CARE            ; Untyped                            ;
; READ_DURING_WRITE_MODE_PORT_A      ; NEW_DATA_NO_NBE_READ ; Untyped                            ;
; READ_DURING_WRITE_MODE_PORT_B      ; NEW_DATA_NO_NBE_READ ; Untyped                            ;
; INIT_FILE                          ; UNUSED               ; Untyped                            ;
; INIT_FILE_LAYOUT                   ; PORT_A               ; Untyped                            ;
; MAXIMUM_DEPTH                      ; 0                    ; Untyped                            ;
; CLOCK_ENABLE_INPUT_A               ; NORMAL               ; Untyped                            ;
; CLOCK_ENABLE_INPUT_B               ; NORMAL               ; Untyped                            ;
; CLOCK_ENABLE_OUTPUT_A              ; NORMAL               ; Untyped                            ;
; CLOCK_ENABLE_OUTPUT_B              ; NORMAL               ; Untyped                            ;
; CLOCK_ENABLE_CORE_A                ; USE_INPUT_CLKEN      ; Untyped                            ;
; CLOCK_ENABLE_CORE_B                ; USE_INPUT_CLKEN      ; Untyped                            ;
; ENABLE_ECC                         ; FALSE                ; Untyped                            ;
; ECC_PIPELINE_STAGE_ENABLED         ; FALSE                ; Untyped                            ;
; WIDTH_ECCSTATUS                    ; 3                    ; Untyped                            ;
; DEVICE_FAMILY                      ; Cyclone V            ; Untyped                            ;
; CBXI_PARAMETER                     ; altsyncram_s4i1      ; Untyped                            ;
+------------------------------------+----------------------+------------------------------------+
Note: In order to hide this table in the UI and the text report file, please set the "Show Parameter Settings in Synthesis Report" option in "Analysis and Synthesis Settings -> More Settings" to "Off".


+------------------------------------------------------------------------------------------------+
; Parameter Settings for Inferred Entity Instance: nml_gpu:gpu_inst|altsyncram:sprite_rom_rtl_0  ;
+------------------------------------+------------------------------------------+----------------+
; Parameter Name                     ; Value                                    ; Type           ;
+------------------------------------+------------------------------------------+----------------+
; BYTE_SIZE_BLOCK                    ; 8                                        ; Untyped        ;
; AUTO_CARRY_CHAINS                  ; ON                                       ; AUTO_CARRY     ;
; IGNORE_CARRY_BUFFERS               ; OFF                                      ; IGNORE_CARRY   ;
; AUTO_CASCADE_CHAINS                ; ON                                       ; AUTO_CASCADE   ;
; IGNORE_CASCADE_BUFFERS             ; OFF                                      ; IGNORE_CASCADE ;
; WIDTH_BYTEENA                      ; 1                                        ; Untyped        ;
; OPERATION_MODE                     ; ROM                                      ; Untyped        ;
; WIDTH_A                            ; 8                                        ; Untyped        ;
; WIDTHAD_A                          ; 14                                       ; Untyped        ;
; NUMWORDS_A                         ; 16384                                    ; Untyped        ;
; OUTDATA_REG_A                      ; UNREGISTERED                             ; Untyped        ;
; ADDRESS_ACLR_A                     ; NONE                                     ; Untyped        ;
; OUTDATA_ACLR_A                     ; NONE                                     ; Untyped        ;
; WRCONTROL_ACLR_A                   ; NONE                                     ; Untyped        ;
; INDATA_ACLR_A                      ; NONE                                     ; Untyped        ;
; BYTEENA_ACLR_A                     ; NONE                                     ; Untyped        ;
; WIDTH_B                            ; 1                                        ; Untyped        ;
; WIDTHAD_B                          ; 1                                        ; Untyped        ;
; NUMWORDS_B                         ; 1                                        ; Untyped        ;
; INDATA_REG_B                       ; CLOCK1                                   ; Untyped        ;
; WRCONTROL_WRADDRESS_REG_B          ; CLOCK1                                   ; Untyped        ;
; RDCONTROL_REG_B                    ; CLOCK1                                   ; Untyped        ;
; ADDRESS_REG_B                      ; CLOCK1                                   ; Untyped        ;
; OUTDATA_REG_B                      ; UNREGISTERED                             ; Untyped        ;
; BYTEENA_REG_B                      ; CLOCK1                                   ; Untyped        ;
; INDATA_ACLR_B                      ; NONE                                     ; Untyped        ;
; WRCONTROL_ACLR_B                   ; NONE                                     ; Untyped        ;
; ADDRESS_ACLR_B                     ; NONE                                     ; Untyped        ;
; OUTDATA_ACLR_B                     ; NONE                                     ; Untyped        ;
; RDCONTROL_ACLR_B                   ; NONE                                     ; Untyped        ;
; BYTEENA_ACLR_B                     ; NONE                                     ; Untyped        ;
; WIDTH_BYTEENA_A                    ; 1                                        ; Untyped        ;
; WIDTH_BYTEENA_B                    ; 1                                        ; Untyped        ;
; RAM_BLOCK_TYPE                     ; AUTO                                     ; Untyped        ;
; BYTE_SIZE                          ; 8                                        ; Untyped        ;
; READ_DURING_WRITE_MODE_MIXED_PORTS ; DONT_CARE                                ; Untyped        ;
; READ_DURING_WRITE_MODE_PORT_A      ; NEW_DATA_NO_NBE_READ                     ; Untyped        ;
; READ_DURING_WRITE_MODE_PORT_B      ; NEW_DATA_NO_NBE_READ                     ; Untyped        ;
; INIT_FILE                          ; db/nml_gpu.ram0_nml_gpu_8bdb52ad.hdl.mif ; Untyped        ;
; INIT_FILE_LAYOUT                   ; PORT_A                                   ; Untyped        ;
; MAXIMUM_DEPTH                      ; 0                                        ; Untyped        ;
; CLOCK_ENABLE_INPUT_A               ; NORMAL                                   ; Untyped        ;
; CLOCK_ENABLE_INPUT_B               ; NORMAL                                   ; Untyped        ;
; CLOCK_ENABLE_OUTPUT_A              ; NORMAL                                   ; Untyped        ;
; CLOCK_ENABLE_OUTPUT_B              ; NORMAL                                   ; Untyped        ;
; CLOCK_ENABLE_CORE_A                ; USE_INPUT_CLKEN                          ; Untyped        ;
; CLOCK_ENABLE_CORE_B                ; USE_INPUT_CLKEN                          ; Untyped        ;
; ENABLE_ECC                         ; FALSE                                    ; Untyped        ;
; ECC_PIPELINE_STAGE_ENABLED         ; FALSE                                    ; Untyped        ;
; WIDTH_ECCSTATUS                    ; 3                                        ; Untyped        ;
; DEVICE_FAMILY                      ; Cyclone V                                ; Untyped        ;
; CBXI_PARAMETER                     ; altsyncram_scd1                          ; Untyped        ;
+------------------------------------+------------------------------------------+----------------+
Note: In order to hide this table in the UI and the text report file, please set the "Show Parameter Settings in Synthesis Report" option in "Analysis and Synthesis Settings -> More Settings" to "Off".


+------------------------------------------------------------------------------------------------+
; Parameter Settings for Inferred Entity Instance: nml_gpu:gpu_inst|altsyncram:tile_rom_rtl_0    ;
+------------------------------------+------------------------------------------+----------------+
; Parameter Name                     ; Value                                    ; Type           ;
+------------------------------------+------------------------------------------+----------------+
; BYTE_SIZE_BLOCK                    ; 8                                        ; Untyped        ;
; AUTO_CARRY_CHAINS                  ; ON                                       ; AUTO_CARRY     ;
; IGNORE_CARRY_BUFFERS               ; OFF                                      ; IGNORE_CARRY   ;
; AUTO_CASCADE_CHAINS                ; ON                                       ; AUTO_CASCADE   ;
; IGNORE_CASCADE_BUFFERS             ; OFF                                      ; IGNORE_CASCADE ;
; WIDTH_BYTEENA                      ; 1                                        ; Untyped        ;
; OPERATION_MODE                     ; ROM                                      ; Untyped        ;
; WIDTH_A                            ; 8                                        ; Untyped        ;
; WIDTHAD_A                          ; 12                                       ; Untyped        ;
; NUMWORDS_A                         ; 4096                                     ; Untyped        ;
; OUTDATA_REG_A                      ; UNREGISTERED                             ; Untyped        ;
; ADDRESS_ACLR_A                     ; NONE                                     ; Untyped        ;
; OUTDATA_ACLR_A                     ; NONE                                     ; Untyped        ;
; WRCONTROL_ACLR_A                   ; NONE                                     ; Untyped        ;
; INDATA_ACLR_A                      ; NONE                                     ; Untyped        ;
; BYTEENA_ACLR_A                     ; NONE                                     ; Untyped        ;
; WIDTH_B                            ; 1                                        ; Untyped        ;
; WIDTHAD_B                          ; 1                                        ; Untyped        ;
; NUMWORDS_B                         ; 1                                        ; Untyped        ;
; INDATA_REG_B                       ; CLOCK1                                   ; Untyped        ;
; WRCONTROL_WRADDRESS_REG_B          ; CLOCK1                                   ; Untyped        ;
; RDCONTROL_REG_B                    ; CLOCK1                                   ; Untyped        ;
; ADDRESS_REG_B                      ; CLOCK1                                   ; Untyped        ;
; OUTDATA_REG_B                      ; UNREGISTERED                             ; Untyped        ;
; BYTEENA_REG_B                      ; CLOCK1                                   ; Untyped        ;
; INDATA_ACLR_B                      ; NONE                                     ; Untyped        ;
; WRCONTROL_ACLR_B                   ; NONE                                     ; Untyped        ;
; ADDRESS_ACLR_B                     ; NONE                                     ; Untyped        ;
; OUTDATA_ACLR_B                     ; NONE                                     ; Untyped        ;
; RDCONTROL_ACLR_B                   ; NONE                                     ; Untyped        ;
; BYTEENA_ACLR_B                     ; NONE                                     ; Untyped        ;
; WIDTH_BYTEENA_A                    ; 1                                        ; Untyped        ;
; WIDTH_BYTEENA_B                    ; 1                                        ; Untyped        ;
; RAM_BLOCK_TYPE                     ; AUTO                                     ; Untyped        ;
; BYTE_SIZE                          ; 8                                        ; Untyped        ;
; READ_DURING_WRITE_MODE_MIXED_PORTS ; DONT_CARE                                ; Untyped        ;
; READ_DURING_WRITE_MODE_PORT_A      ; NEW_DATA_NO_NBE_READ                     ; Untyped        ;
; READ_DURING_WRITE_MODE_PORT_B      ; NEW_DATA_NO_NBE_READ                     ; Untyped        ;
; INIT_FILE                          ; db/nml_gpu.ram1_nml_gpu_8bdb52ad.hdl.mif ; Untyped        ;
; INIT_FILE_LAYOUT                   ; PORT_A                                   ; Untyped        ;
; MAXIMUM_DEPTH                      ; 0                                        ; Untyped        ;
; CLOCK_ENABLE_INPUT_A               ; NORMAL                                   ; Untyped        ;
; CLOCK_ENABLE_INPUT_B               ; NORMAL                                   ; Untyped        ;
; CLOCK_ENABLE_OUTPUT_A              ; NORMAL                                   ; Untyped        ;
; CLOCK_ENABLE_OUTPUT_B              ; NORMAL                                   ; Untyped        ;
; CLOCK_ENABLE_CORE_A                ; USE_INPUT_CLKEN                          ; Untyped        ;
; CLOCK_ENABLE_CORE_B                ; USE_INPUT_CLKEN                          ; Untyped        ;
; ENABLE_ECC                         ; FALSE                                    ; Untyped        ;
; ECC_PIPELINE_STAGE_ENABLED         ; FALSE                                    ; Untyped        ;
; WIDTH_ECCSTATUS                    ; 3                                        ; Untyped        ;
; DEVICE_FAMILY                      ; Cyclone V                                ; Untyped        ;
; CBXI_PARAMETER                     ; altsyncram_8bd1                          ; Untyped        ;
+------------------------------------+------------------------------------------+----------------+
Note: In order to hide this table in the UI and the text report file, please set the "Show Parameter Settings in Synthesis Report" option in "Analysis and Synthesis Settings -> More Settings" to "Off".


+----------------------------------------------------------------------------------------------+
; Parameter Settings for Inferred Entity Instance: nml_gpu:gpu_inst|altsyncram:linebuf_A_rtl_0 ;
+------------------------------------+----------------------+----------------------------------+
; Parameter Name                     ; Value                ; Type                             ;
+------------------------------------+----------------------+----------------------------------+
; BYTE_SIZE_BLOCK                    ; 8                    ; Untyped                          ;
; AUTO_CARRY_CHAINS                  ; ON                   ; AUTO_CARRY                       ;
; IGNORE_CARRY_BUFFERS               ; OFF                  ; IGNORE_CARRY                     ;
; AUTO_CASCADE_CHAINS                ; ON                   ; AUTO_CASCADE                     ;
; IGNORE_CASCADE_BUFFERS             ; OFF                  ; IGNORE_CASCADE                   ;
; WIDTH_BYTEENA                      ; 1                    ; Untyped                          ;
; OPERATION_MODE                     ; DUAL_PORT            ; Untyped                          ;
; WIDTH_A                            ; 8                    ; Untyped                          ;
; WIDTHAD_A                          ; 10                   ; Untyped                          ;
; NUMWORDS_A                         ; 640                  ; Untyped                          ;
; OUTDATA_REG_A                      ; UNREGISTERED         ; Untyped                          ;
; ADDRESS_ACLR_A                     ; NONE                 ; Untyped                          ;
; OUTDATA_ACLR_A                     ; NONE                 ; Untyped                          ;
; WRCONTROL_ACLR_A                   ; NONE                 ; Untyped                          ;
; INDATA_ACLR_A                      ; NONE                 ; Untyped                          ;
; BYTEENA_ACLR_A                     ; NONE                 ; Untyped                          ;
; WIDTH_B                            ; 8                    ; Untyped                          ;
; WIDTHAD_B                          ; 10                   ; Untyped                          ;
; NUMWORDS_B                         ; 640                  ; Untyped                          ;
; INDATA_REG_B                       ; CLOCK1               ; Untyped                          ;
; WRCONTROL_WRADDRESS_REG_B          ; CLOCK1               ; Untyped                          ;
; RDCONTROL_REG_B                    ; CLOCK1               ; Untyped                          ;
; ADDRESS_REG_B                      ; CLOCK0               ; Untyped                          ;
; OUTDATA_REG_B                      ; UNREGISTERED         ; Untyped                          ;
; BYTEENA_REG_B                      ; CLOCK1               ; Untyped                          ;
; INDATA_ACLR_B                      ; NONE                 ; Untyped                          ;
; WRCONTROL_ACLR_B                   ; NONE                 ; Untyped                          ;
; ADDRESS_ACLR_B                     ; NONE                 ; Untyped                          ;
; OUTDATA_ACLR_B                     ; NONE                 ; Untyped                          ;
; RDCONTROL_ACLR_B                   ; NONE                 ; Untyped                          ;
; BYTEENA_ACLR_B                     ; NONE                 ; Untyped                          ;
; WIDTH_BYTEENA_A                    ; 1                    ; Untyped                          ;
; WIDTH_BYTEENA_B                    ; 1                    ; Untyped                          ;
; RAM_BLOCK_TYPE                     ; AUTO                 ; Untyped                          ;
; BYTE_SIZE                          ; 8                    ; Untyped                          ;
; READ_DURING_WRITE_MODE_MIXED_PORTS ; DONT_CARE            ; Untyped                          ;
; READ_DURING_WRITE_MODE_PORT_A      ; NEW_DATA_NO_NBE_READ ; Untyped                          ;
; READ_DURING_WRITE_MODE_PORT_B      ; NEW_DATA_NO_NBE_READ ; Untyped                          ;
; INIT_FILE                          ; UNUSED               ; Untyped                          ;
; INIT_FILE_LAYOUT                   ; PORT_A               ; Untyped                          ;
; MAXIMUM_DEPTH                      ; 0                    ; Untyped                          ;
; CLOCK_ENABLE_INPUT_A               ; NORMAL               ; Untyped                          ;
; CLOCK_ENABLE_INPUT_B               ; NORMAL               ; Untyped                          ;
; CLOCK_ENABLE_OUTPUT_A              ; NORMAL               ; Untyped                          ;
; CLOCK_ENABLE_OUTPUT_B              ; NORMAL               ; Untyped                          ;
; CLOCK_ENABLE_CORE_A                ; USE_INPUT_CLKEN      ; Untyped                          ;
; CLOCK_ENABLE_CORE_B                ; USE_INPUT_CLKEN      ; Untyped                          ;
; ENABLE_ECC                         ; FALSE                ; Untyped                          ;
; ECC_PIPELINE_STAGE_ENABLED         ; FALSE                ; Untyped                          ;
; WIDTH_ECCSTATUS                    ; 3                    ; Untyped                          ;
; DEVICE_FAMILY                      ; Cyclone V            ; Untyped                          ;
; CBXI_PARAMETER                     ; altsyncram_emi1      ; Untyped                          ;
+------------------------------------+----------------------+----------------------------------+
Note: In order to hide this table in the UI and the text report file, please set the "Show Parameter Settings in Synthesis Report" option in "Analysis and Synthesis Settings -> More Settings" to "Off".


+----------------------------------------------------------------------------------------------+
; Parameter Settings for Inferred Entity Instance: nml_gpu:gpu_inst|altsyncram:linebuf_B_rtl_0 ;
+------------------------------------+----------------------+----------------------------------+
; Parameter Name                     ; Value                ; Type                             ;
+------------------------------------+----------------------+----------------------------------+
; BYTE_SIZE_BLOCK                    ; 8                    ; Untyped                          ;
; AUTO_CARRY_CHAINS                  ; ON                   ; AUTO_CARRY                       ;
; IGNORE_CARRY_BUFFERS               ; OFF                  ; IGNORE_CARRY                     ;
; AUTO_CASCADE_CHAINS                ; ON                   ; AUTO_CASCADE                     ;
; IGNORE_CASCADE_BUFFERS             ; OFF                  ; IGNORE_CASCADE                   ;
; WIDTH_BYTEENA                      ; 1                    ; Untyped                          ;
; OPERATION_MODE                     ; DUAL_PORT            ; Untyped                          ;
; WIDTH_A                            ; 8                    ; Untyped                          ;
; WIDTHAD_A                          ; 10                   ; Untyped                          ;
; NUMWORDS_A                         ; 640                  ; Untyped                          ;
; OUTDATA_REG_A                      ; UNREGISTERED         ; Untyped                          ;
; ADDRESS_ACLR_A                     ; NONE                 ; Untyped                          ;
; OUTDATA_ACLR_A                     ; NONE                 ; Untyped                          ;
; WRCONTROL_ACLR_A                   ; NONE                 ; Untyped                          ;
; INDATA_ACLR_A                      ; NONE                 ; Untyped                          ;
; BYTEENA_ACLR_A                     ; NONE                 ; Untyped                          ;
; WIDTH_B                            ; 8                    ; Untyped                          ;
; WIDTHAD_B                          ; 10                   ; Untyped                          ;
; NUMWORDS_B                         ; 640                  ; Untyped                          ;
; INDATA_REG_B                       ; CLOCK1               ; Untyped                          ;
; WRCONTROL_WRADDRESS_REG_B          ; CLOCK1               ; Untyped                          ;
; RDCONTROL_REG_B                    ; CLOCK1               ; Untyped                          ;
; ADDRESS_REG_B                      ; CLOCK0               ; Untyped                          ;
; OUTDATA_REG_B                      ; UNREGISTERED         ; Untyped                          ;
; BYTEENA_REG_B                      ; CLOCK1               ; Untyped                          ;
; INDATA_ACLR_B                      ; NONE                 ; Untyped                          ;
; WRCONTROL_ACLR_B                   ; NONE                 ; Untyped                          ;
; ADDRESS_ACLR_B                     ; NONE                 ; Untyped                          ;
; OUTDATA_ACLR_B                     ; NONE                 ; Untyped                          ;
; RDCONTROL_ACLR_B                   ; NONE                 ; Untyped                          ;
; BYTEENA_ACLR_B                     ; NONE                 ; Untyped                          ;
; WIDTH_BYTEENA_A                    ; 1                    ; Untyped                          ;
; WIDTH_BYTEENA_B                    ; 1                    ; Untyped                          ;
; RAM_BLOCK_TYPE                     ; AUTO                 ; Untyped                          ;
; BYTE_SIZE                          ; 8                    ; Untyped                          ;
; READ_DURING_WRITE_MODE_MIXED_PORTS ; DONT_CARE            ; Untyped                          ;
; READ_DURING_WRITE_MODE_PORT_A      ; NEW_DATA_NO_NBE_READ ; Untyped                          ;
; READ_DURING_WRITE_MODE_PORT_B      ; NEW_DATA_NO_NBE_READ ; Untyped                          ;
; INIT_FILE                          ; UNUSED               ; Untyped                          ;
; INIT_FILE_LAYOUT                   ; PORT_A               ; Untyped                          ;
; MAXIMUM_DEPTH                      ; 0                    ; Untyped                          ;
; CLOCK_ENABLE_INPUT_A               ; NORMAL               ; Untyped                          ;
; CLOCK_ENABLE_INPUT_B               ; NORMAL               ; Untyped                          ;
; CLOCK_ENABLE_OUTPUT_A              ; NORMAL               ; Untyped                          ;
; CLOCK_ENABLE_OUTPUT_B              ; NORMAL               ; Untyped                          ;
; CLOCK_ENABLE_CORE_A                ; USE_INPUT_CLKEN      ; Untyped                          ;
; CLOCK_ENABLE_CORE_B                ; USE_INPUT_CLKEN      ; Untyped                          ;
; ENABLE_ECC                         ; FALSE                ; Untyped                          ;
; ECC_PIPELINE_STAGE_ENABLED         ; FALSE                ; Untyped                          ;
; WIDTH_ECCSTATUS                    ; 3                    ; Untyped                          ;
; DEVICE_FAMILY                      ; Cyclone V            ; Untyped                          ;
; CBXI_PARAMETER                     ; altsyncram_emi1      ; Untyped                          ;
+------------------------------------+----------------------+----------------------------------+
Note: In order to hide this table in the UI and the text report file, please set the "Show Parameter Settings in Synthesis Report" option in "Analysis and Synthesis Settings -> More Settings" to "Off".


+-------------------------------------------------------------------------------------------+
; altsyncram Parameter Settings by Entity Instance                                          ;
+-------------------------------------------+-----------------------------------------------+
; Name                                      ; Value                                         ;
+-------------------------------------------+-----------------------------------------------+
; Number of entity instances                ; 6                                             ;
; Entity Instance                           ; nml_gpu:gpu_inst|altsyncram:palette_ram_rtl_0 ;
;     -- OPERATION_MODE                     ; ROM                                           ;
;     -- WIDTH_A                            ; 24                                            ;
;     -- NUMWORDS_A                         ; 256                                           ;
;     -- OUTDATA_REG_A                      ; UNREGISTERED                                  ;
;     -- WIDTH_B                            ; 1                                             ;
;     -- NUMWORDS_B                         ; 1                                             ;
;     -- ADDRESS_REG_B                      ; CLOCK1                                        ;
;     -- OUTDATA_REG_B                      ; UNREGISTERED                                  ;
;     -- RAM_BLOCK_TYPE                     ; AUTO                                          ;
;     -- READ_DURING_WRITE_MODE_MIXED_PORTS ; DONT_CARE                                     ;
; Entity Instance                           ; nml_gpu:gpu_inst|altsyncram:tilemap_ram_rtl_0 ;
;     -- OPERATION_MODE                     ; DUAL_PORT                                     ;
;     -- WIDTH_A                            ; 8                                             ;
;     -- NUMWORDS_A                         ; 4800                                          ;
;     -- OUTDATA_REG_A                      ; UNREGISTERED                                  ;
;     -- WIDTH_B                            ; 8                                             ;
;     -- NUMWORDS_B                         ; 4800                                          ;
;     -- ADDRESS_REG_B                      ; CLOCK0                                        ;
;     -- OUTDATA_REG_B                      ; UNREGISTERED                                  ;
;     -- RAM_BLOCK_TYPE                     ; AUTO                                          ;
;     -- READ_DURING_WRITE_MODE_MIXED_PORTS ; DONT_CARE                                     ;
; Entity Instance                           ; nml_gpu:gpu_inst|altsyncram:sprite_rom_rtl_0  ;
;     -- OPERATION_MODE                     ; ROM                                           ;
;     -- WIDTH_A                            ; 8                                             ;
;     -- NUMWORDS_A                         ; 16384                                         ;
;     -- OUTDATA_REG_A                      ; UNREGISTERED                                  ;
;     -- WIDTH_B                            ; 1                                             ;
;     -- NUMWORDS_B                         ; 1                                             ;
;     -- ADDRESS_REG_B                      ; CLOCK1                                        ;
;     -- OUTDATA_REG_B                      ; UNREGISTERED                                  ;
;     -- RAM_BLOCK_TYPE                     ; AUTO                                          ;
;     -- READ_DURING_WRITE_MODE_MIXED_PORTS ; DONT_CARE                                     ;
; Entity Instance                           ; nml_gpu:gpu_inst|altsyncram:tile_rom_rtl_0    ;
;     -- OPERATION_MODE                     ; ROM                                           ;
;     -- WIDTH_A                            ; 8                                             ;
;     -- NUMWORDS_A                         ; 4096                                          ;
;     -- OUTDATA_REG_A                      ; UNREGISTERED                                  ;
;     -- WIDTH_B                            ; 1                                             ;
;     -- NUMWORDS_B                         ; 1                                             ;
;     -- ADDRESS_REG_B                      ; CLOCK1                                        ;
;     -- OUTDATA_REG_B                      ; UNREGISTERED                                  ;
;     -- RAM_BLOCK_TYPE                     ; AUTO                                          ;
;     -- READ_DURING_WRITE_MODE_MIXED_PORTS ; DONT_CARE                                     ;
; Entity Instance                           ; nml_gpu:gpu_inst|altsyncram:linebuf_A_rtl_0   ;
;     -- OPERATION_MODE                     ; DUAL_PORT                                     ;
;     -- WIDTH_A                            ; 8                                             ;
;     -- NUMWORDS_A                         ; 640                                           ;
;     -- OUTDATA_REG_A                      ; UNREGISTERED                                  ;
;     -- WIDTH_B                            ; 8                                             ;
;     -- NUMWORDS_B                         ; 640                                           ;
;     -- ADDRESS_REG_B                      ; CLOCK0                                        ;
;     -- OUTDATA_REG_B                      ; UNREGISTERED                                  ;
;     -- RAM_BLOCK_TYPE                     ; AUTO                                          ;
;     -- READ_DURING_WRITE_MODE_MIXED_PORTS ; DONT_CARE                                     ;
; Entity Instance                           ; nml_gpu:gpu_inst|altsyncram:linebuf_B_rtl_0   ;
;     -- OPERATION_MODE                     ; DUAL_PORT                                     ;
;     -- WIDTH_A                            ; 8                                             ;
;     -- NUMWORDS_A                         ; 640                                           ;
;     -- OUTDATA_REG_A                      ; UNREGISTERED                                  ;
;     -- WIDTH_B                            ; 8                                             ;
;     -- NUMWORDS_B                         ; 640                                           ;
;     -- ADDRESS_REG_B                      ; CLOCK0                                        ;
;     -- OUTDATA_REG_B                      ; UNREGISTERED                                  ;
;     -- RAM_BLOCK_TYPE                     ; AUTO                                          ;
;     -- READ_DURING_WRITE_MODE_MIXED_PORTS ; DONT_CARE                                     ;
+-------------------------------------------+-----------------------------------------------+


+--------------------------------------------------------------------+
; Port Connectivity Checks: "nml_gpu:gpu_inst|sprite_eval:eval_inst" ;
+----------------------+-------+----------+--------------------------+
; Port                 ; Type  ; Severity ; Details                  ;
+----------------------+-------+----------+--------------------------+
; sprtab_rdata[63..48] ; Input ; Info     ; Stuck at GND             ;
; sprtab_rdata[43..34] ; Input ; Info     ; Stuck at GND             ;
; sprtab_rdata[31..25] ; Input ; Info     ; Stuck at GND             ;
; sprtab_rdata[17..9]  ; Input ; Info     ; Stuck at GND             ;
; sprtab_rdata[2..0]   ; Input ; Info     ; Stuck at GND             ;
; sprtab_rdata[46]     ; Input ; Info     ; Stuck at GND             ;
+----------------------+-------+----------+--------------------------+


+------------------------------------------------------------------------------------------------------------------------+
; Port Connectivity Checks: "nml_gpu:gpu_inst|avalon_slave_iface:avalon_inst"                                            ;
+--------------+--------+----------+-------------------------------------------------------------------------------------+
; Port         ; Type   ; Severity ; Details                                                                             ;
+--------------+--------+----------+-------------------------------------------------------------------------------------+
; frame_ctr_in ; Input  ; Info     ; Stuck at GND                                                                        ;
; ctrl_hud_on  ; Output ; Info     ; Connected to dangling logic. Logic that only feeds a dangling port will be removed. ;
; player_pos   ; Output ; Info     ; Connected to dangling logic. Logic that only feeds a dangling port will be removed. ;
; player_stats ; Output ; Info     ; Connected to dangling logic. Logic that only feeds a dangling port will be removed. ;
; score_reg    ; Output ; Info     ; Connected to dangling logic. Logic that only feeds a dangling port will be removed. ;
; kill_count   ; Output ; Info     ; Connected to dangling logic. Logic that only feeds a dangling port will be removed. ;
+--------------+--------+----------+-------------------------------------------------------------------------------------+


+---------------------------------------------------------------------------------------------------------------------------+
; Port Connectivity Checks: "nml_gpu:gpu_inst"                                                                              ;
+-----------------+--------+----------+-------------------------------------------------------------------------------------+
; Port            ; Type   ; Severity ; Details                                                                             ;
+-----------------+--------+----------+-------------------------------------------------------------------------------------+
; avs_address     ; Input  ; Info     ; Stuck at GND                                                                        ;
; avs_read        ; Input  ; Info     ; Stuck at GND                                                                        ;
; avs_write       ; Input  ; Info     ; Stuck at GND                                                                        ;
; avs_writedata   ; Input  ; Info     ; Stuck at GND                                                                        ;
; avs_byteenable  ; Input  ; Info     ; Stuck at GND                                                                        ;
; avs_readdata    ; Output ; Info     ; Connected to dangling logic. Logic that only feeds a dangling port will be removed. ;
; avs_waitrequest ; Output ; Info     ; Connected to dangling logic. Logic that only feeds a dangling port will be removed. ;
+-----------------+--------+----------+-------------------------------------------------------------------------------------+


+-----------------------------------------------------+
; Post-Synthesis Netlist Statistics for Top Partition ;
+-----------------------+-----------------------------+
; Type                  ; Count                       ;
+-----------------------+-----------------------------+
; arriav_ff             ; 345                         ;
;     CLR               ; 50                          ;
;     CLR SCLR          ; 24                          ;
;     ENA               ; 48                          ;
;     ENA CLR           ; 79                          ;
;     ENA CLR SCLR      ; 20                          ;
;     ENA SCLR          ; 4                           ;
;     ENA SLD           ; 66                          ;
;     plain             ; 54                          ;
; arriav_lcell_comb     ; 280                         ;
;     arith             ; 37                          ;
;         0 data inputs ; 1                           ;
;         1 data inputs ; 30                          ;
;         3 data inputs ; 4                           ;
;         4 data inputs ; 2                           ;
;     extend            ; 2                           ;
;         7 data inputs ; 2                           ;
;     normal            ; 232                         ;
;         0 data inputs ; 2                           ;
;         1 data inputs ; 5                           ;
;         2 data inputs ; 28                          ;
;         3 data inputs ; 26                          ;
;         4 data inputs ; 39                          ;
;         5 data inputs ; 43                          ;
;         6 data inputs ; 89                          ;
;     shared            ; 9                           ;
;         0 data inputs ; 1                           ;
;         1 data inputs ; 2                           ;
;         2 data inputs ; 5                           ;
;         3 data inputs ; 1                           ;
; boundary_port         ; 54                          ;
; stratixv_ram_block    ; 62                          ;
;                       ;                             ;
; Max LUT depth         ; 5.00                        ;
; Average LUT depth     ; 2.43                        ;
+-----------------------+-----------------------------+


+-------------------------------+
; Elapsed Time Per Partition    ;
+----------------+--------------+
; Partition Name ; Elapsed Time ;
+----------------+--------------+
; Top            ; 00:00:01     ;
+----------------+--------------+


+-------------------------------+
; Analysis & Synthesis Messages ;
+-------------------------------+
Info: *******************************************************************
Info: Running Quartus Prime Analysis & Synthesis
    Info: Version 21.1.0 Build 842 10/21/2021 SJ Lite Edition
    Info: Processing started: Sat May  9 17:18:34 2026
Info: Command: quartus_map --read_settings_files=on --write_settings_files=off nml_gpu -c nml_gpu
Warning (18236): Number of processors has not been specified which may cause overloading on shared machines.  Set the global assignment NUM_PARALLEL_PROCESSORS in your QSF to an appropriate value for best performance.
Info (20030): Parallel compilation is enabled and will use 12 of the 12 processors detected
Info (12021): Found 1 design units, including 1 entities, in source file /homes/user/stud/spring26/rb3908/Documents/CSEE4840W-Final-Project/hw/de1soc_top.sv
    Info (12023): Found entity 1: de1soc_top File: /homes/user/stud/spring26/rb3908/Documents/CSEE4840W-Final-Project/hw/de1soc_top.sv Line: 29
Info (12021): Found 1 design units, including 1 entities, in source file /homes/user/stud/spring26/rb3908/Documents/CSEE4840W-Final-Project/hw/nml_gpu.sv
    Info (12023): Found entity 1: nml_gpu File: /homes/user/stud/spring26/rb3908/Documents/CSEE4840W-Final-Project/hw/nml_gpu.sv Line: 3
Info (12021): Found 1 design units, including 1 entities, in source file /homes/user/stud/spring26/rb3908/Documents/CSEE4840W-Final-Project/hw/avalon_slave_iface.sv
    Info (12023): Found entity 1: avalon_slave_iface File: /homes/user/stud/spring26/rb3908/Documents/CSEE4840W-Final-Project/hw/avalon_slave_iface.sv Line: 21
Info (12021): Found 1 design units, including 1 entities, in source file /homes/user/stud/spring26/rb3908/Documents/CSEE4840W-Final-Project/hw/vga_timing.sv
    Info (12023): Found entity 1: vga_timing File: /homes/user/stud/spring26/rb3908/Documents/CSEE4840W-Final-Project/hw/vga_timing.sv Line: 1
Info (12021): Found 1 design units, including 1 entities, in source file /homes/user/stud/spring26/rb3908/Documents/CSEE4840W-Final-Project/hw/sprite_eval.sv
    Info (12023): Found entity 1: sprite_eval File: /homes/user/stud/spring26/rb3908/Documents/CSEE4840W-Final-Project/hw/sprite_eval.sv Line: 1
Info (12021): Found 1 design units, including 1 entities, in source file /homes/user/stud/spring26/rb3908/Documents/CSEE4840W-Final-Project/hw/sprite_fetch.sv
    Info (12023): Found entity 1: sprite_fetch File: /homes/user/stud/spring26/rb3908/Documents/CSEE4840W-Final-Project/hw/sprite_fetch.sv Line: 1
Info (12021): Found 1 design units, including 1 entities, in source file /homes/user/stud/spring26/rb3908/Documents/CSEE4840W-Final-Project/hw/compositor.sv
    Info (12023): Found entity 1: compositor File: /homes/user/stud/spring26/rb3908/Documents/CSEE4840W-Final-Project/hw/compositor.sv Line: 1
Info (12021): Found 1 design units, including 1 entities, in source file /homes/user/stud/spring26/rb3908/Documents/CSEE4840W-Final-Project/hw/pll_25mhz.v
    Info (12023): Found entity 1: pll_25mhz File: /homes/user/stud/spring26/rb3908/Documents/CSEE4840W-Final-Project/hw/pll_25mhz.v Line: 15
Info (12127): Elaborating entity "de1soc_top" for the top level hierarchy
Info (12128): Elaborating entity "nml_gpu" for hierarchy "nml_gpu:gpu_inst" File: /homes/user/stud/spring26/rb3908/Documents/CSEE4840W-Final-Project/hw/de1soc_top.sv Line: 77
Warning (10036): Verilog HDL or VHDL warning at nml_gpu.sv(73): object "sprite_table_active" assigned a value but never read File: /homes/user/stud/spring26/rb3908/Documents/CSEE4840W-Final-Project/hw/nml_gpu.sv Line: 73
Warning (10030): Net "sprite_rom.data_a" at nml_gpu.sv(141) has no driver or initial value, using a default initial value '0' File: /homes/user/stud/spring26/rb3908/Documents/CSEE4840W-Final-Project/hw/nml_gpu.sv Line: 141
Warning (10030): Net "sprite_rom.waddr_a" at nml_gpu.sv(141) has no driver or initial value, using a default initial value '0' File: /homes/user/stud/spring26/rb3908/Documents/CSEE4840W-Final-Project/hw/nml_gpu.sv Line: 141
Warning (10030): Net "tile_rom.data_a" at nml_gpu.sv(142) has no driver or initial value, using a default initial value '0' File: /homes/user/stud/spring26/rb3908/Documents/CSEE4840W-Final-Project/hw/nml_gpu.sv Line: 142
Warning (10030): Net "tile_rom.waddr_a" at nml_gpu.sv(142) has no driver or initial value, using a default initial value '0' File: /homes/user/stud/spring26/rb3908/Documents/CSEE4840W-Final-Project/hw/nml_gpu.sv Line: 142
Warning (10030): Net "sprite_rom.we_a" at nml_gpu.sv(141) has no driver or initial value, using a default initial value '0' File: /homes/user/stud/spring26/rb3908/Documents/CSEE4840W-Final-Project/hw/nml_gpu.sv Line: 141
Warning (10030): Net "tile_rom.we_a" at nml_gpu.sv(142) has no driver or initial value, using a default initial value '0' File: /homes/user/stud/spring26/rb3908/Documents/CSEE4840W-Final-Project/hw/nml_gpu.sv Line: 142
Info (12128): Elaborating entity "pll_25mhz" for hierarchy "nml_gpu:gpu_inst|pll_25mhz:pll_inst" File: /homes/user/stud/spring26/rb3908/Documents/CSEE4840W-Final-Project/hw/nml_gpu.sv Line: 34
Info (12128): Elaborating entity "avalon_slave_iface" for hierarchy "nml_gpu:gpu_inst|avalon_slave_iface:avalon_inst" File: /homes/user/stud/spring26/rb3908/Documents/CSEE4840W-Final-Project/hw/nml_gpu.sv Line: 203
Info (12128): Elaborating entity "vga_timing" for hierarchy "nml_gpu:gpu_inst|vga_timing:timing_inst" File: /homes/user/stud/spring26/rb3908/Documents/CSEE4840W-Final-Project/hw/nml_gpu.sv Line: 209
Info (12128): Elaborating entity "sprite_eval" for hierarchy "nml_gpu:gpu_inst|sprite_eval:eval_inst" File: /homes/user/stud/spring26/rb3908/Documents/CSEE4840W-Final-Project/hw/nml_gpu.sv Line: 221
Warning (10230): Verilog HDL assignment warning at sprite_eval.sv(97): truncated value with size 32 to match size of target (6) File: /homes/user/stud/spring26/rb3908/Documents/CSEE4840W-Final-Project/hw/sprite_eval.sv Line: 97
Info (12128): Elaborating entity "sprite_fetch" for hierarchy "nml_gpu:gpu_inst|sprite_fetch:fetch_inst" File: /homes/user/stud/spring26/rb3908/Documents/CSEE4840W-Final-Project/hw/nml_gpu.sv Line: 242
Warning (10230): Verilog HDL assignment warning at sprite_fetch.sv(42): truncated value with size 16 to match size of target (4) File: /homes/user/stud/spring26/rb3908/Documents/CSEE4840W-Final-Project/hw/sprite_fetch.sv Line: 42
Info (12128): Elaborating entity "compositor" for hierarchy "nml_gpu:gpu_inst|compositor:comp_inst" File: /homes/user/stud/spring26/rb3908/Documents/CSEE4840W-Final-Project/hw/nml_gpu.sv Line: 254
Warning (10230): Verilog HDL assignment warning at compositor.sv(33): truncated value with size 7 to match size of target (6) File: /homes/user/stud/spring26/rb3908/Documents/CSEE4840W-Final-Project/hw/compositor.sv Line: 33
Warning (10230): Verilog HDL assignment warning at compositor.sv(36): truncated value with size 32 to match size of target (13) File: /homes/user/stud/spring26/rb3908/Documents/CSEE4840W-Final-Project/hw/compositor.sv Line: 36
Warning (10230): Verilog HDL assignment warning at compositor.sv(57): truncated value with size 14 to match size of target (12) File: /homes/user/stud/spring26/rb3908/Documents/CSEE4840W-Final-Project/hw/compositor.sv Line: 57
Warning (276020): Inferred RAM node "nml_gpu:gpu_inst|linebuf_A_rtl_0" from synchronous design logic.  Pass-through logic has been added to match the read-during-write behavior of the original design.
Warning (276020): Inferred RAM node "nml_gpu:gpu_inst|linebuf_B_rtl_0" from synchronous design logic.  Pass-through logic has been added to match the read-during-write behavior of the original design.
Info (19000): Inferred 6 megafunctions from design logic
    Info (276029): Inferred altsyncram megafunction from the following design logic: "nml_gpu:gpu_inst|palette_ram_rtl_0" 
        Info (286033): Parameter OPERATION_MODE set to ROM
        Info (286033): Parameter WIDTH_A set to 24
        Info (286033): Parameter WIDTHAD_A set to 8
        Info (286033): Parameter NUMWORDS_A set to 256
        Info (286033): Parameter OUTDATA_REG_A set to UNREGISTERED
        Info (286033): Parameter ADDRESS_ACLR_A set to NONE
        Info (286033): Parameter OUTDATA_ACLR_A set to NONE
        Info (286033): Parameter INDATA_ACLR_A set to NONE
        Info (286033): Parameter WRCONTROL_ACLR_A set to NONE
        Info (286033): Parameter INIT_FILE set to db/nml_gpu.ram2_nml_gpu_8bdb52ad.hdl.mif
    Info (276029): Inferred altsyncram megafunction from the following design logic: "nml_gpu:gpu_inst|tilemap_ram_rtl_0" 
        Info (286033): Parameter OPERATION_MODE set to DUAL_PORT
        Info (286033): Parameter WIDTH_A set to 8
        Info (286033): Parameter WIDTHAD_A set to 13
        Info (286033): Parameter NUMWORDS_A set to 4800
        Info (286033): Parameter WIDTH_B set to 8
        Info (286033): Parameter WIDTHAD_B set to 13
        Info (286033): Parameter NUMWORDS_B set to 4800
        Info (286033): Parameter ADDRESS_ACLR_A set to NONE
        Info (286033): Parameter OUTDATA_REG_B set to UNREGISTERED
        Info (286033): Parameter ADDRESS_ACLR_B set to NONE
        Info (286033): Parameter OUTDATA_ACLR_B set to NONE
        Info (286033): Parameter ADDRESS_REG_B set to CLOCK0
        Info (286033): Parameter INDATA_ACLR_A set to NONE
        Info (286033): Parameter WRCONTROL_ACLR_A set to NONE
    Info (276029): Inferred altsyncram megafunction from the following design logic: "nml_gpu:gpu_inst|sprite_rom_rtl_0" 
        Info (286033): Parameter OPERATION_MODE set to ROM
        Info (286033): Parameter WIDTH_A set to 8
        Info (286033): Parameter WIDTHAD_A set to 14
        Info (286033): Parameter NUMWORDS_A set to 16384
        Info (286033): Parameter OUTDATA_REG_A set to UNREGISTERED
        Info (286033): Parameter ADDRESS_ACLR_A set to NONE
        Info (286033): Parameter OUTDATA_ACLR_A set to NONE
        Info (286033): Parameter INDATA_ACLR_A set to NONE
        Info (286033): Parameter WRCONTROL_ACLR_A set to NONE
        Info (286033): Parameter INIT_FILE set to db/nml_gpu.ram0_nml_gpu_8bdb52ad.hdl.mif
    Info (276029): Inferred altsyncram megafunction from the following design logic: "nml_gpu:gpu_inst|tile_rom_rtl_0" 
        Info (286033): Parameter OPERATION_MODE set to ROM
        Info (286033): Parameter WIDTH_A set to 8
        Info (286033): Parameter WIDTHAD_A set to 12
        Info (286033): Parameter NUMWORDS_A set to 4096
        Info (286033): Parameter OUTDATA_REG_A set to UNREGISTERED
        Info (286033): Parameter ADDRESS_ACLR_A set to NONE
        Info (286033): Parameter OUTDATA_ACLR_A set to NONE
        Info (286033): Parameter INDATA_ACLR_A set to NONE
        Info (286033): Parameter WRCONTROL_ACLR_A set to NONE
        Info (286033): Parameter INIT_FILE set to db/nml_gpu.ram1_nml_gpu_8bdb52ad.hdl.mif
    Info (276029): Inferred altsyncram megafunction from the following design logic: "nml_gpu:gpu_inst|linebuf_A_rtl_0" 
        Info (286033): Parameter OPERATION_MODE set to DUAL_PORT
        Info (286033): Parameter WIDTH_A set to 8
        Info (286033): Parameter WIDTHAD_A set to 10
        Info (286033): Parameter NUMWORDS_A set to 640
        Info (286033): Parameter WIDTH_B set to 8
        Info (286033): Parameter WIDTHAD_B set to 10
        Info (286033): Parameter NUMWORDS_B set to 640
        Info (286033): Parameter ADDRESS_ACLR_A set to NONE
        Info (286033): Parameter OUTDATA_REG_B set to UNREGISTERED
        Info (286033): Parameter ADDRESS_ACLR_B set to NONE
        Info (286033): Parameter OUTDATA_ACLR_B set to NONE
        Info (286033): Parameter ADDRESS_REG_B set to CLOCK0
        Info (286033): Parameter INDATA_ACLR_A set to NONE
        Info (286033): Parameter WRCONTROL_ACLR_A set to NONE
    Info (276029): Inferred altsyncram megafunction from the following design logic: "nml_gpu:gpu_inst|linebuf_B_rtl_0" 
        Info (286033): Parameter OPERATION_MODE set to DUAL_PORT
        Info (286033): Parameter WIDTH_A set to 8
        Info (286033): Parameter WIDTHAD_A set to 10
        Info (286033): Parameter NUMWORDS_A set to 640
        Info (286033): Parameter WIDTH_B set to 8
        Info (286033): Parameter WIDTHAD_B set to 10
        Info (286033): Parameter NUMWORDS_B set to 640
        Info (286033): Parameter ADDRESS_ACLR_A set to NONE
        Info (286033): Parameter OUTDATA_REG_B set to UNREGISTERED
        Info (286033): Parameter ADDRESS_ACLR_B set to NONE
        Info (286033): Parameter OUTDATA_ACLR_B set to NONE
        Info (286033): Parameter ADDRESS_REG_B set to CLOCK0
        Info (286033): Parameter INDATA_ACLR_A set to NONE
        Info (286033): Parameter WRCONTROL_ACLR_A set to NONE
Info (12130): Elaborated megafunction instantiation "nml_gpu:gpu_inst|altsyncram:palette_ram_rtl_0"
Info (12133): Instantiated megafunction "nml_gpu:gpu_inst|altsyncram:palette_ram_rtl_0" with the following parameter:
    Info (12134): Parameter "OPERATION_MODE" = "ROM"
    Info (12134): Parameter "WIDTH_A" = "24"
    Info (12134): Parameter "WIDTHAD_A" = "8"
    Info (12134): Parameter "NUMWORDS_A" = "256"
    Info (12134): Parameter "OUTDATA_REG_A" = "UNREGISTERED"
    Info (12134): Parameter "ADDRESS_ACLR_A" = "NONE"
    Info (12134): Parameter "OUTDATA_ACLR_A" = "NONE"
    Info (12134): Parameter "INDATA_ACLR_A" = "NONE"
    Info (12134): Parameter "WRCONTROL_ACLR_A" = "NONE"
    Info (12134): Parameter "INIT_FILE" = "db/nml_gpu.ram2_nml_gpu_8bdb52ad.hdl.mif"
Info (12021): Found 1 design units, including 1 entities, in source file db/altsyncram_m9d1.tdf
    Info (12023): Found entity 1: altsyncram_m9d1 File: /homes/user/stud/spring26/rb3908/Documents/CSEE4840W-Final-Project/hw/quartus/db/altsyncram_m9d1.tdf Line: 28
Info (12130): Elaborated megafunction instantiation "nml_gpu:gpu_inst|altsyncram:tilemap_ram_rtl_0"
Info (12133): Instantiated megafunction "nml_gpu:gpu_inst|altsyncram:tilemap_ram_rtl_0" with the following parameter:
    Info (12134): Parameter "OPERATION_MODE" = "DUAL_PORT"
    Info (12134): Parameter "WIDTH_A" = "8"
    Info (12134): Parameter "WIDTHAD_A" = "13"
    Info (12134): Parameter "NUMWORDS_A" = "4800"
    Info (12134): Parameter "WIDTH_B" = "8"
    Info (12134): Parameter "WIDTHAD_B" = "13"
    Info (12134): Parameter "NUMWORDS_B" = "4800"
    Info (12134): Parameter "ADDRESS_ACLR_A" = "NONE"
    Info (12134): Parameter "OUTDATA_REG_B" = "UNREGISTERED"
    Info (12134): Parameter "ADDRESS_ACLR_B" = "NONE"
    Info (12134): Parameter "OUTDATA_ACLR_B" = "NONE"
    Info (12134): Parameter "ADDRESS_REG_B" = "CLOCK0"
    Info (12134): Parameter "INDATA_ACLR_A" = "NONE"
    Info (12134): Parameter "WRCONTROL_ACLR_A" = "NONE"
Info (12021): Found 1 design units, including 1 entities, in source file db/altsyncram_s4i1.tdf
    Info (12023): Found entity 1: altsyncram_s4i1 File: /homes/user/stud/spring26/rb3908/Documents/CSEE4840W-Final-Project/hw/quartus/db/altsyncram_s4i1.tdf Line: 28
Info (12130): Elaborated megafunction instantiation "nml_gpu:gpu_inst|altsyncram:sprite_rom_rtl_0"
Info (12133): Instantiated megafunction "nml_gpu:gpu_inst|altsyncram:sprite_rom_rtl_0" with the following parameter:
    Info (12134): Parameter "OPERATION_MODE" = "ROM"
    Info (12134): Parameter "WIDTH_A" = "8"
    Info (12134): Parameter "WIDTHAD_A" = "14"
    Info (12134): Parameter "NUMWORDS_A" = "16384"
    Info (12134): Parameter "OUTDATA_REG_A" = "UNREGISTERED"
    Info (12134): Parameter "ADDRESS_ACLR_A" = "NONE"
    Info (12134): Parameter "OUTDATA_ACLR_A" = "NONE"
    Info (12134): Parameter "INDATA_ACLR_A" = "NONE"
    Info (12134): Parameter "WRCONTROL_ACLR_A" = "NONE"
    Info (12134): Parameter "INIT_FILE" = "db/nml_gpu.ram0_nml_gpu_8bdb52ad.hdl.mif"
Info (12021): Found 1 design units, including 1 entities, in source file db/altsyncram_scd1.tdf
    Info (12023): Found entity 1: altsyncram_scd1 File: /homes/user/stud/spring26/rb3908/Documents/CSEE4840W-Final-Project/hw/quartus/db/altsyncram_scd1.tdf Line: 32
Info (12021): Found 1 design units, including 1 entities, in source file db/decode_u0a.tdf
    Info (12023): Found entity 1: decode_u0a File: /homes/user/stud/spring26/rb3908/Documents/CSEE4840W-Final-Project/hw/quartus/db/decode_u0a.tdf Line: 23
Info (12021): Found 1 design units, including 1 entities, in source file db/mux_lfb.tdf
    Info (12023): Found entity 1: mux_lfb File: /homes/user/stud/spring26/rb3908/Documents/CSEE4840W-Final-Project/hw/quartus/db/mux_lfb.tdf Line: 23
Info (12130): Elaborated megafunction instantiation "nml_gpu:gpu_inst|altsyncram:tile_rom_rtl_0"
Info (12133): Instantiated megafunction "nml_gpu:gpu_inst|altsyncram:tile_rom_rtl_0" with the following parameter:
    Info (12134): Parameter "OPERATION_MODE" = "ROM"
    Info (12134): Parameter "WIDTH_A" = "8"
    Info (12134): Parameter "WIDTHAD_A" = "12"
    Info (12134): Parameter "NUMWORDS_A" = "4096"
    Info (12134): Parameter "OUTDATA_REG_A" = "UNREGISTERED"
    Info (12134): Parameter "ADDRESS_ACLR_A" = "NONE"
    Info (12134): Parameter "OUTDATA_ACLR_A" = "NONE"
    Info (12134): Parameter "INDATA_ACLR_A" = "NONE"
    Info (12134): Parameter "WRCONTROL_ACLR_A" = "NONE"
    Info (12134): Parameter "INIT_FILE" = "db/nml_gpu.ram1_nml_gpu_8bdb52ad.hdl.mif"
Info (12021): Found 1 design units, including 1 entities, in source file db/altsyncram_8bd1.tdf
    Info (12023): Found entity 1: altsyncram_8bd1 File: /homes/user/stud/spring26/rb3908/Documents/CSEE4840W-Final-Project/hw/quartus/db/altsyncram_8bd1.tdf Line: 28
Info (12130): Elaborated megafunction instantiation "nml_gpu:gpu_inst|altsyncram:linebuf_A_rtl_0"
Info (12133): Instantiated megafunction "nml_gpu:gpu_inst|altsyncram:linebuf_A_rtl_0" with the following parameter:
    Info (12134): Parameter "OPERATION_MODE" = "DUAL_PORT"
    Info (12134): Parameter "WIDTH_A" = "8"
    Info (12134): Parameter "WIDTHAD_A" = "10"
    Info (12134): Parameter "NUMWORDS_A" = "640"
    Info (12134): Parameter "WIDTH_B" = "8"
    Info (12134): Parameter "WIDTHAD_B" = "10"
    Info (12134): Parameter "NUMWORDS_B" = "640"
    Info (12134): Parameter "ADDRESS_ACLR_A" = "NONE"
    Info (12134): Parameter "OUTDATA_REG_B" = "UNREGISTERED"
    Info (12134): Parameter "ADDRESS_ACLR_B" = "NONE"
    Info (12134): Parameter "OUTDATA_ACLR_B" = "NONE"
    Info (12134): Parameter "ADDRESS_REG_B" = "CLOCK0"
    Info (12134): Parameter "INDATA_ACLR_A" = "NONE"
    Info (12134): Parameter "WRCONTROL_ACLR_A" = "NONE"
Info (12021): Found 1 design units, including 1 entities, in source file db/altsyncram_emi1.tdf
    Info (12023): Found entity 1: altsyncram_emi1 File: /homes/user/stud/spring26/rb3908/Documents/CSEE4840W-Final-Project/hw/quartus/db/altsyncram_emi1.tdf Line: 28
Warning (14284): Synthesized away the following node(s):
    Warning (14285): Synthesized away the following RAM node(s):
        Warning (14320): Synthesized away node "nml_gpu:gpu_inst|altsyncram:sprite_rom_rtl_0|altsyncram_scd1:auto_generated|ram_block1a8" File: /homes/user/stud/spring26/rb3908/Documents/CSEE4840W-Final-Project/hw/quartus/db/altsyncram_scd1.tdf Line: 210
        Warning (14320): Synthesized away node "nml_gpu:gpu_inst|altsyncram:sprite_rom_rtl_0|altsyncram_scd1:auto_generated|ram_block1a9" File: /homes/user/stud/spring26/rb3908/Documents/CSEE4840W-Final-Project/hw/quartus/db/altsyncram_scd1.tdf Line: 231
        Warning (14320): Synthesized away node "nml_gpu:gpu_inst|altsyncram:sprite_rom_rtl_0|altsyncram_scd1:auto_generated|ram_block1a10" File: /homes/user/stud/spring26/rb3908/Documents/CSEE4840W-Final-Project/hw/quartus/db/altsyncram_scd1.tdf Line: 252
        Warning (14320): Synthesized away node "nml_gpu:gpu_inst|altsyncram:sprite_rom_rtl_0|altsyncram_scd1:auto_generated|ram_block1a11" File: /homes/user/stud/spring26/rb3908/Documents/CSEE4840W-Final-Project/hw/quartus/db/altsyncram_scd1.tdf Line: 273
        Warning (14320): Synthesized away node "nml_gpu:gpu_inst|altsyncram:sprite_rom_rtl_0|altsyncram_scd1:auto_generated|ram_block1a12" File: /homes/user/stud/spring26/rb3908/Documents/CSEE4840W-Final-Project/hw/quartus/db/altsyncram_scd1.tdf Line: 294
        Warning (14320): Synthesized away node "nml_gpu:gpu_inst|altsyncram:sprite_rom_rtl_0|altsyncram_scd1:auto_generated|ram_block1a13" File: /homes/user/stud/spring26/rb3908/Documents/CSEE4840W-Final-Project/hw/quartus/db/altsyncram_scd1.tdf Line: 315
        Warning (14320): Synthesized away node "nml_gpu:gpu_inst|altsyncram:sprite_rom_rtl_0|altsyncram_scd1:auto_generated|ram_block1a14" File: /homes/user/stud/spring26/rb3908/Documents/CSEE4840W-Final-Project/hw/quartus/db/altsyncram_scd1.tdf Line: 336
        Warning (14320): Synthesized away node "nml_gpu:gpu_inst|altsyncram:sprite_rom_rtl_0|altsyncram_scd1:auto_generated|ram_block1a15" File: /homes/user/stud/spring26/rb3908/Documents/CSEE4840W-Final-Project/hw/quartus/db/altsyncram_scd1.tdf Line: 357
        Warning (14320): Synthesized away node "nml_gpu:gpu_inst|altsyncram:tilemap_ram_rtl_0|altsyncram_s4i1:auto_generated|ram_block1a6" File: /homes/user/stud/spring26/rb3908/Documents/CSEE4840W-Final-Project/hw/quartus/db/altsyncram_s4i1.tdf Line: 217
        Warning (14320): Synthesized away node "nml_gpu:gpu_inst|altsyncram:tilemap_ram_rtl_0|altsyncram_s4i1:auto_generated|ram_block1a7" File: /homes/user/stud/spring26/rb3908/Documents/CSEE4840W-Final-Project/hw/quartus/db/altsyncram_s4i1.tdf Line: 247
Warning (13024): Output pins are stuck at VCC or GND
    Warning (13410): Pin "LEDR[0]" is stuck at VCC File: /homes/user/stud/spring26/rb3908/Documents/CSEE4840W-Final-Project/hw/de1soc_top.sv Line: 33
    Warning (13410): Pin "VGA_SYNC_N" is stuck at GND File: /homes/user/stud/spring26/rb3908/Documents/CSEE4840W-Final-Project/hw/de1soc_top.sv Line: 42
Info (286030): Timing-Driven Synthesis is running
Info (17049): 183 registers lost all their fanouts during netlist optimizations.
Info (17036): Removed 3 MSB VCC or GND address nodes from RAM block "nml_gpu:gpu_inst|altsyncram:sprite_rom_rtl_0|altsyncram_scd1:auto_generated|ALTSYNCRAM" File: /homes/user/stud/spring26/rb3908/Documents/CSEE4840W-Final-Project/hw/quartus/db/altsyncram_scd1.tdf Line: 42
Info (144001): Generated suppressed messages file /homes/user/stud/spring26/rb3908/Documents/CSEE4840W-Final-Project/hw/quartus/output_files/nml_gpu.map.smsg
Info (16010): Generating hard_block partition "hard_block:auto_generated_inst"
    Info (16011): Adding 0 node(s), including 0 DDIO, 0 PLL, 0 transceiver and 0 LCELL
Warning (15400): WYSIWYG primitive "nml_gpu:gpu_inst|altsyncram:tilemap_ram_rtl_0|altsyncram_s4i1:auto_generated|ram_block1a0" has a port clk0 that is stuck at GND File: /homes/user/stud/spring26/rb3908/Documents/CSEE4840W-Final-Project/hw/quartus/db/altsyncram_s4i1.tdf Line: 37
Warning (15400): WYSIWYG primitive "nml_gpu:gpu_inst|altsyncram:tilemap_ram_rtl_0|altsyncram_s4i1:auto_generated|ram_block1a1" has a port clk0 that is stuck at GND File: /homes/user/stud/spring26/rb3908/Documents/CSEE4840W-Final-Project/hw/quartus/db/altsyncram_s4i1.tdf Line: 67
Warning (15400): WYSIWYG primitive "nml_gpu:gpu_inst|altsyncram:tilemap_ram_rtl_0|altsyncram_s4i1:auto_generated|ram_block1a2" has a port clk0 that is stuck at GND File: /homes/user/stud/spring26/rb3908/Documents/CSEE4840W-Final-Project/hw/quartus/db/altsyncram_s4i1.tdf Line: 97
Warning (15400): WYSIWYG primitive "nml_gpu:gpu_inst|altsyncram:tilemap_ram_rtl_0|altsyncram_s4i1:auto_generated|ram_block1a3" has a port clk0 that is stuck at GND File: /homes/user/stud/spring26/rb3908/Documents/CSEE4840W-Final-Project/hw/quartus/db/altsyncram_s4i1.tdf Line: 127
Warning (15400): WYSIWYG primitive "nml_gpu:gpu_inst|altsyncram:tilemap_ram_rtl_0|altsyncram_s4i1:auto_generated|ram_block1a4" has a port clk0 that is stuck at GND File: /homes/user/stud/spring26/rb3908/Documents/CSEE4840W-Final-Project/hw/quartus/db/altsyncram_s4i1.tdf Line: 157
Warning (15400): WYSIWYG primitive "nml_gpu:gpu_inst|altsyncram:tilemap_ram_rtl_0|altsyncram_s4i1:auto_generated|ram_block1a5" has a port clk0 that is stuck at GND File: /homes/user/stud/spring26/rb3908/Documents/CSEE4840W-Final-Project/hw/quartus/db/altsyncram_s4i1.tdf Line: 187
Warning (21074): Design contains 5 input pin(s) that do not drive logic
    Warning (15610): No output dependent on input pin "KEY[1]" File: /homes/user/stud/spring26/rb3908/Documents/CSEE4840W-Final-Project/hw/de1soc_top.sv Line: 31
    Warning (15610): No output dependent on input pin "KEY[2]" File: /homes/user/stud/spring26/rb3908/Documents/CSEE4840W-Final-Project/hw/de1soc_top.sv Line: 31
    Warning (15610): No output dependent on input pin "KEY[3]" File: /homes/user/stud/spring26/rb3908/Documents/CSEE4840W-Final-Project/hw/de1soc_top.sv Line: 31
    Warning (15610): No output dependent on input pin "SW[0]" File: /homes/user/stud/spring26/rb3908/Documents/CSEE4840W-Final-Project/hw/de1soc_top.sv Line: 32
    Warning (15610): No output dependent on input pin "SW[1]" File: /homes/user/stud/spring26/rb3908/Documents/CSEE4840W-Final-Project/hw/de1soc_top.sv Line: 32
Info (21057): Implemented 667 device resources after synthesis - the final resource count might be different
    Info (21058): Implemented 15 input pins
    Info (21059): Implemented 39 output pins
    Info (21061): Implemented 551 logic cells
    Info (21064): Implemented 62 RAM segments
Info: Quartus Prime Analysis & Synthesis was successful. 0 errors, 42 warnings
    Info: Peak virtual memory: 855 megabytes
    Info: Processing ended: Sat May  9 17:18:47 2026
    Info: Elapsed time: 00:00:13
    Info: Total CPU time (on all processors): 00:00:13


+------------------------------------------+
; Analysis & Synthesis Suppressed Messages ;
+------------------------------------------+
The suppressed messages can be found in /homes/user/stud/spring26/rb3908/Documents/CSEE4840W-Final-Project/hw/quartus/output_files/nml_gpu.map.smsg.


